data,hora,status,origem,função,mensagem
2026-03-11,16:21:32,Registro,settings_edition_request.py,<module>,"24 criadas, última edição: 7115"
2026-03-11,16:46:04,Registro,settings_edition_request.py,<module>,"24 criadas, última edição: 7115"
2026-03-11,16:46:12,Registro,settings_edition_request.py,<module>,"24 criadas, última edição: 7115"
2026-03-11,16:46:25,Registro,settings_edition_request.py,<module>,"24 criadas, última edição: 7115"
2026-03-11,16:46:50,Registro,settings_edition_request.py,<module>,"24 criadas, última edição: 7115"
2026-03-11,16:47:29,Registro,settings_edition_request.py,<module>,"24 criadas, última edição: 7115"
2026-03-11,16:47:46,Registro,settings_edition_request.py,<module>,"24 criadas, última edição: 7115"
2026-03-11,16:49:43,Registro,settings_edition_request.py,<module>,"24 criadas, última edição: 7115"
2026-03-11,16:49:49,Registro,settings_edition_request.py,<module>,"24 criadas, última edição: 7115"
2026-03-11,16:50:00,Registro,settings_edition_request.py,<module>,"24 criadas, última edição: 7115"
2026-03-11,16:50:08,Registro,settings_edition_request.py,<module>,"24 criadas, última edição: 7115"
2026-03-11,16:50:23,Registro,settings_edition_request.py,<module>,"24 criadas, última edição: 7115"
2026-03-11,16:50:29,Registro,settings_edition_request.py,<module>,"24 criadas, última edição: 7115"
2026-03-11,16:50:36,Registro,settings_edition_request.py,<module>,"24 criadas, última edição: 7115"
2026-03-11,16:50:44,Registro,settings_edition_request.py,<module>,"24 criadas, última edição: 7115"
2026-03-11,16:58:20,Registro,settings_edition_request.py,<module>,"24 criadas, última edição: 7115"
2026-03-11,16:58:37,Registro,settings_edition_request.py,<module>,"24 criadas, última edição: 7115"
2026-03-11,22:27:27,Registro,settings_edition_request.py,<module>,"24 criadas, última edição: 7115"
2026-03-12,17:03:08,Registro,settings_edition_request.py,<module>,"24 criadas, última edição: 7115"
2026-03-12,17:08:44,Registro,settings_edition_request.py,<module>,"24 criadas, última edição: 7115"
2026-03-12,17:10:17,Registro,settings_edition_request.py,<module>,"24 criadas, última edição: 7115"
2026-03-12,17:11:12,Registro,settings_edition_request.py,<module>,"24 criadas, última edição: 7115"
2026-03-12,17:32:21,Registro,settings_edition_request.py,<module>,"24 criadas, última edição: 7115"
2026-03-12,17:34:27,Registro,settings_edition_request.py,<module>,"24 criadas, última edição: 7115"
2026-03-12,17:34:55,Registro,settings_edition_request.py,<module>,"24 criadas, última edição: 7115"
2026-03-12,17:35:06,Registro,settings_edition_request.py,<module>,"24 criadas, última edição: 7115"
2026-03-12,17:50:07,Registro,settings_edition_request.py,<module>,"24 criadas, última edição: 7115"
2026-03-12,17:50:48,Registro,settings_edition_request.py,<module>,"24 criadas, última edição: 7115"
2026-03-12,22:14:44,Registro,settings_edition_request.py,<module>,"24 criadas, última edição: 7115"
2026-03-13,16:47:13,Registro,settings_edition_request.py,<module>,"24 criadas, última edição: 7115"
2026-03-13,16:47:18,Registro,settings_edition_request.py,<module>,"24 criadas, última edição: 7115"
2026-03-13,16:54:13,Registro,settings_edition_request.py,<module>,"24 criadas, última edição: 7115"
2026-03-13,16:54:30,Registro,settings_edition_request.py,<module>,"24 criadas, última edição: 7115"
2026-03-13,16:59:12,Registro,settings_edition_request.py,<module>,"24 criadas, última edição: 7115"
2026-03-13,17:00:28,Registro,settings_edition_request.py,<module>,"24 criadas, última edição: 7115"
2026-03-13,17:00:40,Registro,settings_edition_request.py,<module>,"24 criadas, última edição: 7115"
2026-03-13,17:00:46,Registro,settings_edition_request.py,<module>,"24 criadas, última edição: 7115"
2026-03-13,17:00:48,Registro,settings_edition_request.py,<module>,"24 criadas, última edição: 7115"
2026-03-13,17:00:49,Registro,settings_edition_request.py,<module>,"24 criadas, última edição: 7115"
2026-03-13,17:00:50,Registro,settings_edition_request.py,<module>,"24 criadas, última edição: 7115"
2026-03-13,17:00:51,Registro,settings_edition_request.py,<module>,"24 criadas, última edição: 7115"
2026-03-13,17:00:52,Registro,settings_edition_request.py,<module>,"24 criadas, última edição: 7115"
2026-03-13,17:01:52,Registro,settings_edition_request.py,<module>,"24 criadas, última edição: 7115"
2026-03-13,17:02:07,Registro,settings_edition_request.py,<module>,"24 criadas, última edição: 7115"
2026-03-13,17:06:43,Registro,settings_edition_request.py,<module>,"24 criadas, última edição: 7115"
2026-03-13,22:26:13,Registro,settings_edition_request.py,<module>,"24 criadas, última edição: 7115"
2026-03-16,22:25:24,Registro,settings_edition_request.py,<module>,"24 criadas, última edição: 7115"
2026-03-17,16:32:43,Registro,settings_edition_request.py,<module>,"24 criadas, última edição: 7115"
2026-03-17,21:58:07,Registro,settings_edition_request.py,<module>,"24 criadas, última edição: 7115"
2026-03-18,17:22:56,Registro,settings_edition_request.py,<module>,"24 criadas, última edição: 7115"
2026-03-18,17:30:33,Registro,settings_edition_request.py,<module>,"24 criadas, última edição: 7115"
2026-03-18,17:31:33,Registro,settings_edition_request.py,<module>,"24 criadas, última edição: 7115"
2026-03-18,17:31:46,Registro,settings_edition_request.py,<module>,"24 criadas, última edição: 7115"
2026-03-18,17:39:59,Registro,settings_edition_request.py,<module>,"24 criadas, última edição: 7115"
2026-03-18,17:47:16,Registro,settings_edition_request.py,<module>,"24 criadas, última edição: 7115"
2026-03-18,17:47:26,Registro,settings_edition_request.py,<module>,"24 criadas, última edição: 7115"
2026-03-18,18:02:33,Registro,settings_edition_request.py,<module>,"24 criadas, última edição: 7115"
2026-03-18,18:04:12,Registro,settings_edition_request.py,<module>,"24 criadas, última edição: 7115"
2026-03-18,18:04:19,Registro,settings_edition_request.py,<module>,"24 criadas, última edição: 7115"
2026-03-18,18:04:41,Registro,settings_edition_request.py,<module>,"24 criadas, última edição: 7115"
2026-03-18,18:04:48,Registro,settings_edition_request.py,<module>,"24 criadas, última edição: 7115"
2026-03-18,18:05:06,Registro,settings_edition_request.py,<module>,"24 criadas, última edição: 7115"
2026-03-18,18:06:04,Registro,settings_edition_request.py,<module>,"24 criadas, última edição: 7115"
2026-03-18,18:06:11,Registro,settings_edition_request.py,<module>,"24 criadas, última edição: 7115"
2026-03-18,18:06:27,Registro,settings_edition_request.py,<module>,"24 criadas, última edição: 7115"
2026-03-18,18:12:10,Registro,settings_edition_request.py,<module>,"24 criadas, última edição: 7115"
2026-03-18,18:16:00,Registro,settings_edition_request.py,<module>,"24 criadas, última edição: 7115"
2026-03-18,18:16:21,Registro,settings_edition_request.py,<module>,"24 criadas, última edição: 7115"
2026-03-18,18:16:40,Registro,settings_edition_request.py,<module>,"24 criadas, última edição: 7115"
2026-03-18,18:16:53,Registro,settings_edition_request.py,<module>,"24 criadas, última edição: 7115"
2026-03-18,22:27:09,Registro,settings_edition_request.py,<module>,"24 criadas, última edição: 7115"
2026-03-19,16:50:12,Registro,settings_edition_request.py,<module>,"24 criadas, última edição: 7115"
2026-03-19,17:15:07,Registro,settings_edition_request.py,<module>,"24 criadas, última edição: 7115"
2026-03-19,17:19:20,Registro,settings_edition_request.py,<module>,"24 criadas, última edição: 7115"
2026-03-19,17:21:12,Registro,settings_edition_request.py,<module>,"24 criadas, última edição: 7115"
2026-03-19,17:28:33,Registro,settings_edition_request.py,<module>,"24 criadas, última edição: 7115"
2026-03-19,17:35:23,Registro,settings_edition_request.py,<module>,"24 criadas, última edição: 7115"
2026-03-19,17:37:30,Registro,settings_edition_request.py,<module>,"24 criadas, última edição: 7115"
2026-03-19,17:38:43,Registro,settings_edition_request.py,<module>,"24 criadas, última edição: 7115"
2026-03-19,17:39:14,Registro,settings_edition_request.py,<module>,"24 criadas, última edição: 7115"
2026-03-19,17:42:02,Registro,settings_edition_request.py,<module>,"24 criadas, última edição: 7115"
2026-03-19,17:49:32,Registro,settings_edition_request.py,<module>,"24 criadas, última edição: 7115"
2026-03-19,17:51:36,Registro,settings_edition_request.py,<module>,"24 criadas, última edição: 7115"
2026-03-19,17:52:47,Registro,settings_edition_request.py,<module>,"24 criadas, última edição: 7115"
2026-03-19,17:54:15,Registro,settings_edition_request.py,<module>,"24 criadas, última edição: 7115"
2026-03-19,17:55:06,Registro,settings_edition_request.py,<module>,"24 criadas, última edição: 7115"
2026-03-19,17:59:55,Registro,settings_edition_request.py,<module>,"24 criadas, última edição: 7115"
2026-03-19,18:01:58,Registro,settings_edition_request.py,<module>,"24 criadas, última edição: 7115"
2026-03-19,22:48:40,Registro,settings_edition_request.py,<module>,"24 criadas, última edição: 7115"
2026-03-20,17:16:25,Registro,settings_edition_request.py,<module>,"24 criadas, última edição: 7115"
2026-03-20,17:17:08,Registro,settings_edition_request.py,<module>,"24 criadas, última edição: 7115"
2026-03-20,17:20:47,Registro,settings_edition_request.py,<module>,"24 criadas, última edição: 7115"
2026-03-20,17:22:14,Registro,settings_edition_request.py,<module>,"24 criadas, última edição: 7115"
2026-03-20,17:23:03,Registro,settings_edition_request.py,<module>,"24 criadas, última edição: 7115"
2026-03-20,17:32:06,Registro,settings_edition_request.py,<module>,"24 criadas, última edição: 7115"
2026-03-20,17:34:33,Registro,settings_edition_request.py,<module>,"24 criadas, última edição: 7115"
2026-03-20,17:37:35,Registro,settings_edition_request.py,<module>,"24 criadas, última edição: 7115"
2026-03-20,17:37:56,Registro,settings_edition_request.py,<module>,"24 criadas, última edição: 7115"
2026-03-20,17:38:33,Registro,settings_edition_request.py,<module>,"24 criadas, última edição: 7115"
2026-03-20,17:39:29,Registro,settings_edition_request.py,<module>,"24 criadas, última edição: 7115"
2026-03-20,17:52:25,Registro,settings_edition_request.py,<module>,"24 criadas, última edição: 7115"
2026-03-20,17:53:34,Registro,settings_edition_request.py,<module>,"24 criadas, última edição: 7115"
2026-03-20,17:54:02,Registro,settings_edition_request.py,<module>,"24 criadas, última edição: 7115"
2026-03-20,17:55:13,Registro,settings_edition_request.py,<module>,"24 criadas, última edição: 7115"
2026-03-20,17:55:17,Registro,settings_edition_request.py,<module>,"24 criadas, última edição: 7115"
2026-03-20,17:57:30,Registro,settings_edition_request.py,<module>,"24 criadas, última edição: 7115"
2026-03-20,18:02:20,Registro,settings_edition_request.py,<module>,"24 criadas, última edição: 7115"
2026-03-20,18:02:57,Registro,settings_edition_request.py,<module>,"24 criadas, última edição: 7115"
2026-03-20,18:05:55,Registro,settings_edition_request.py,<module>,"24 criadas, última edição: 7115"
2026-03-20,22:28:37,Registro,settings_edition_request.py,<module>,"24 criadas, última edição: 7115"
2026-03-22,19:21:14,Registro,settings_edition_request.py,<module>,"24 criadas, última edição: 7115"
2026-03-23,23:11:33,Registro,settings_edition_request.py,<module>,"24 criadas, última edição: 7115"
2026-03-24,22:01:02,Registro,settings_edition_request.py,<module>,"24 criadas, última edição: 7115"
2026-03-25,22:09:31,Registro,settings_edition_request.py,<module>,"24 criadas, última edição: 7115"
2026-03-26,17:28:02,Registro,settings_edition_request.py,<module>,"24 criadas, última edição: 7115"
2026-03-26,17:29:25,Registro,settings_edition_request.py,<module>,"24 criadas, última edição: 7115"
2026-03-26,17:31:25,Registro,settings_edition_request.py,<module>,"24 criadas, última edição: 7115"
2026-03-26,17:31:55,Registro,settings_edition_request.py,<module>,"24 criadas, última edição: 7115"
2026-03-26,17:32:14,Registro,settings_edition_request.py,<module>,"24 criadas, última edição: 7115"
2026-03-26,22:24:18,Registro,settings_edition_request.py,<module>,"24 criadas, última edição: 7115"
2026-03-27,22:36:34,Registro,settings_edition_request.py,<module>,"24 criadas, última edição: 7115"
2026-03-29,20:02:14,Registro,settings_edition_request.py,<module>,"24 criadas, última edição: 7115"
2026-03-29,20:18:43,Registro,settings_edition_request.py,<module>,"24 criadas, última edição: 7115"
2026-03-30,17:37:45,Registro,settings_edition_request.py,<module>,"24 criadas, última edição: 7115"
2026-03-30,17:47:55,Registro,settings_edition_request.py,<module>,"24 criadas, última edição: 7115"
2026-03-30,22:18:26,Registro,settings_edition_request.py,<module>,"24 criadas, última edição: 7115"
2026-03-31,15:54:43,Registro,settings_edition_request.py,<module>,"24 criadas, última edição: 7115"
2026-03-31,15:55:55,Registro,settings_edition_request.py,<module>,"24 criadas, última edição: 7115"
2026-03-31,15:56:53,Registro,settings_edition_request.py,<module>,"24 criadas, última edição: 7115"
2026-03-31,15:58:00,Registro,settings_edition_request.py,<module>,"24 criadas, última edição: 7115"
2026-03-31,16:00:40,Registro,settings_edition_request.py,<module>,"24 criadas, última edição: 7115"
2026-03-31,16:01:33,Registro,settings_edition_request.py,<module>,"24 criadas, última edição: 7115"
2026-03-31,17:02:49,Registro,settings_edition_request.py,<module>,"24 criadas, última edição: 7115"
2026-03-31,17:03:34,Registro,settings_edition_request.py,<module>,"24 criadas, última edição: 7115"
2026-03-31,17:03:43,Registro,settings_edition_request.py,<module>,"24 criadas, última edição: 7115"
2026-03-31,17:04:05,Registro,settings_edition_request.py,<module>,"24 criadas, última edição: 7115"
2026-03-31,17:04:16,Registro,settings_edition_request.py,<module>,"24 criadas, última edição: 7115"
2026-03-31,17:04:58,Registro,settings_edition_request.py,<module>,"24 criadas, última edição: 7115"
2026-03-31,17:06:31,Registro,settings_edition_request.py,<module>,"24 criadas, última edição: 7115"
2026-03-31,17:07:30,Registro,settings_edition_request.py,<module>,"24 criadas, última edição: 7115"
2026-03-31,17:07:56,Registro,settings_edition_request.py,<module>,"24 criadas, última edição: 7115"
2026-03-31,17:15:15,Registro,settings_edition_request.py,<module>,"24 criadas, última edição: 7115"
2026-03-31,17:15:16,Registro,settings_edition_request.py,<module>,"24 criadas, última edição: 7115"
2026-03-31,17:21:24,Registro,settings_edition_request.py,<module>,"24 criadas, última edição: 7115"
2026-03-31,17:22:10,Registro,settings_edition_request.py,<module>,"24 criadas, última edição: 7115"
2026-03-31,17:22:38,Registro,settings_edition_request.py,<module>,"24 criadas, última edição: 7115"
2026-03-31,17:27:11,Registro,settings_edition_request.py,<module>,"24 criadas, última edição: 7115"
2026-03-31,17:52:24,Registro,settings_edition_request.py,<module>,"24 criadas, última edição: 7115"
2026-03-31,17:52:33,Registro,settings_edition_request.py,<module>,"24 criadas, última edição: 7115"
2026-03-31,17:56:17,Registro,settings_edition_request.py,<module>,"24 criadas, última edição: 7115"
2026-03-31,17:57:24,Registro,settings_edition_request.py,<module>,"24 criadas, última edição: 7115"
2026-03-31,20:27:21,Registro,settings_edition_request.py,<module>,"24 criadas, última edição: 7115"
2026-03-31,20:46:04,Registro,settings_edition_request.py,<module>,"24 criadas, última edição: 7115"
2026-03-31,20:46:39,Registro,settings_edition_request.py,<module>,"24 criadas, última edição: 7115"
2026-03-31,20:49:47,Registro,settings_edition_request.py,<module>,"24 criadas, última edição: 7115"
2026-03-31,20:50:15,Registro,settings_edition_request.py,<module>,"24 criadas, última edição: 7115"
2026-03-31,20:50:30,Registro,settings_edition_request.py,<module>,"24 criadas, última edição: 7115"
2026-03-31,20:51:54,Registro,settings_edition_request.py,<module>,"24 criadas, última edição: 7115"
2026-03-31,20:52:31,Registro,settings_edition_request.py,<module>,"24 criadas, última edição: 7115"
2026-03-31,20:53:13,Registro,settings_edition_request.py,<module>,"24 criadas, última edição: 7115"
2026-03-31,20:54:36,Registro,settings_edition_request.py,<module>,"24 criadas, última edição: 7115"
2026-03-31,21:21:45,Registro,settings_edition_request.py,<module>,"24 criadas, última edição: 7115"
2026-03-31,21:23:13,Registro,settings_edition_request.py,<module>,"24 criadas, última edição: 7115"
2026-03-31,21:28:42,Registro,settings_edition_request.py,<module>,"24 criadas, última edição: 7115"
2026-03-31,21:29:24,Registro,settings_edition_request.py,<module>,"24 criadas, última edição: 7115"
2026-03-31,21:29:35,Registro,settings_edition_request.py,<module>,"24 criadas, última edição: 7115"
2026-03-31,21:29:49,Registro,settings_edition_request.py,<module>,"24 criadas, última edição: 7115"
2026-03-31,21:31:05,Registro,settings_edition_request.py,<module>,"24 criadas, última edição: 7115"
2026-03-31,21:31:55,Registro,settings_edition_request.py,<module>,"24 criadas, última edição: 7115"
2026-03-31,21:32:33,Registro,settings_edition_request.py,<module>,"24 criadas, última edição: 7115"
2026-03-31,21:32:40,Registro,settings_edition_request.py,<module>,"24 criadas, última edição: 7115"
2026-03-31,21:33:17,Registro,settings_edition_request.py,<module>,"24 criadas, última edição: 7115"
2026-03-31,21:33:28,Registro,settings_edition_request.py,<module>,"24 criadas, última edição: 7115"
2026-03-31,21:34:42,Registro,settings_edition_request.py,<module>,"24 criadas, última edição: 7115"
2026-03-31,21:34:49,Registro,settings_edition_request.py,<module>,"24 criadas, última edição: 7115"
2026-03-31,21:35:11,Registro,settings_edition_request.py,<module>,"24 criadas, última edição: 7115"
2026-03-31,21:36:53,Registro,settings_edition_request.py,<module>,"24 criadas, última edição: 7115"
2026-03-31,21:38:06,Registro,settings_edition_request.py,<module>,"24 criadas, última edição: 7115"
2026-03-31,21:38:18,Registro,settings_edition_request.py,<module>,"24 criadas, última edição: 7115"
2026-03-31,21:38:29,Registro,settings_edition_request.py,<module>,"24 criadas, última edição: 7115"
2026-03-31,21:41:02,Registro,settings_edition_request.py,<module>,"24 criadas, última edição: 7115"
2026-03-31,21:41:53,Registro,settings_edition_request.py,<module>,"24 criadas, última edição: 7115"
2026-03-31,21:42:07,Registro,settings_edition_request.py,<module>,"24 criadas, última edição: 7115"
2026-03-31,21:43:15,Registro,settings_edition_request.py,<module>,"24 criadas, última edição: 7115"
2026-03-31,21:44:18,Registro,settings_edition_request.py,<module>,"24 criadas, última edição: 7115"
2026-03-31,21:45:15,Registro,settings_edition_request.py,<module>,"24 criadas, última edição: 7115"
2026-03-31,21:45:48,Registro,settings_edition_request.py,<module>,"24 criadas, última edição: 7115"
2026-03-31,21:46:35,Registro,settings_edition_request.py,<module>,"24 criadas, última edição: 7115"
2026-03-31,21:46:41,Registro,settings_edition_request.py,<module>,"24 criadas, última edição: 7115"
2026-03-31,21:48:32,Registro,settings_edition_request.py,<module>,"24 criadas, última edição: 7115"
2026-03-31,21:48:40,Registro,settings_edition_request.py,<module>,"24 criadas, última edição: 7115"
2026-03-31,21:49:57,Registro,settings_edition_request.py,<module>,"24 criadas, última edição: 7115"
2026-03-31,21:52:03,Registro,settings_edition_request.py,<module>,"24 criadas, última edição: 7115"
2026-03-31,21:52:12,Registro,settings_edition_request.py,<module>,"24 criadas, última edição: 7115"
2026-03-31,22:07:48,Registro,settings_edition_request.py,<module>,"24 criadas, última edição: 7115"
2026-03-31,22:08:22,Registro,settings_edition_request.py,<module>,"24 criadas, última edição: 7115"
2026-04-01,16:30:55,Registro,settings_edition_request.py,<module>,"24 criadas, última edição: 7115"
2026-04-01,16:50:44,Registro,settings_edition_request.py,<module>,"24 criadas, última edição: 7115"
2026-04-01,17:30:12,Registro,settings_edition_request.py,<module>,"24 criadas, última edição: 7115"
2026-04-01,17:31:26,Registro,settings_edition_request.py,<module>,"24 criadas, última edição: 7115"
2026-04-01,17:50:03,Registro,settings_edition_request.py,<module>,"24 criadas, última edição: 7115"
2026-04-01,17:50:34,Registro,settings_edition_request.py,<module>,"24 criadas, última edição: 7115"
2026-04-01,18:05:13,Registro,settings_edition_request.py,<module>,"24 criadas, última edição: 7115"
2026-04-01,18:08:41,Registro,settings_edition_request.py,<module>,"24 criadas, última edição: 7115"
2026-04-01,18:09:27,Registro,settings_edition_request.py,<module>,"24 criadas, última edição: 7115"
2026-04-01,18:10:16,Registro,settings_edition_request.py,<module>,"24 criadas, última edição: 7115"
2026-04-01,18:10:55,Registro,settings_edition_request.py,<module>,"24 criadas, última edição: 7115"
2026-04-01,18:12:08,Registro,settings_edition_request.py,<module>,"24 criadas, última edição: 7115"
2026-04-01,18:12:23,Registro,settings_edition_request.py,<module>,"24 criadas, última edição: 7115"
2026-04-01,18:12:58,Registro,settings_edition_request.py,<module>,"24 criadas, última edição: 7115"
2026-04-01,18:13:30,Registro,settings_edition_request.py,<module>,"24 criadas, última edição: 7115"
2026-04-01,18:14:14,Registro,settings_edition_request.py,<module>,"24 criadas, última edição: 7115"
2026-04-01,18:15:04,Registro,settings_edition_request.py,<module>,"24 criadas, última edição: 7115"
2026-04-01,22:53:47,Registro,settings_edition_request.py,<module>,"24 criadas, última edição: 7115"
2026-04-02,15:28:34,Registro,settings_edition_request.py,<module>,"24 criadas, última edição: 7115"
2026-04-02,15:41:32,Registro,settings_edition_request.py,<module>,"24 criadas, última edição: 7115"
2026-04-02,17:59:07,Registro,settings_edition_request.py,<module>,"24 criadas, última edição: 7115"
2026-04-02,17:59:55,Registro,settings_edition_request.py,<module>,"24 criadas, última edição: 7115"
2026-04-02,18:00:25,Registro,settings_edition_request.py,<module>,"24 criadas, última edição: 7115"
2026-04-02,18:02:49,Registro,settings_edition_request.py,<module>,"24 criadas, última edição: 7115"
2026-04-02,18:04:03,Registro,settings_edition_request.py,<module>,"24 criadas, última edição: 7115"
2026-04-02,18:06:52,Registro,settings_edition_request.py,<module>,"24 criadas, última edição: 7115"
2026-04-02,18:11:25,Registro,settings_edition_request.py,<module>,"24 criadas, última edição: 7115"
2026-04-02,18:14:49,Registro,settings_edition_request.py,<module>,"24 criadas, última edição: 7115"
2026-04-02,18:17:32,Registro,settings_edition_request.py,<module>,"24 criadas, última edição: 7115"
2026-04-02,18:18:13,Registro,settings_edition_request.py,<module>,"24 criadas, última edição: 7115"
2026-04-02,22:54:55,Registro,settings_edition_request.py,<module>,"24 criadas, última edição: 7115"
2026-04-03,20:35:04,Registro,settings_edition_request.py,<module>,"24 criadas, última edição: 7115"
2026-04-05,18:26:34,Registro,settings_edition_request.py,<module>,"24 criadas, última edição: 7115"
2026-04-05,20:18:39,Registro,settings_edition_request.py,<module>,"24 criadas, última edição: 7115"
2026-04-05,20:51:14,Registro,settings_edition_request.py,<module>,"24 criadas, última edição: 7115"
2026-04-05,20:56:18,Registro,settings_edition_request.py,<module>,"24 criadas, última edição: 7115"
2026-04-05,21:07:39,Registro,settings_edition_request.py,<module>,"24 criadas, última edição: 7115"
2026-04-05,21:07:54,Registro,settings_edition_request.py,<module>,"24 criadas, última edição: 7115"
2026-04-05,21:08:21,Registro,settings_edition_request.py,<module>,"24 criadas, última edição: 7115"
2026-04-06,22:16:01,Registro,settings_edition_request.py,<module>,"24 criadas, última edição: 7115"
2026-04-06,23:04:53,Registro,settings_edition_request.py,<module>,"24 criadas, última edição: 7115"
2026-04-06,23:05:53,Registro,settings_edition_request.py,<module>,"24 criadas, última edição: 7115"
2026-04-06,23:11:59,Registro,settings_edition_request.py,<module>,"24 criadas, última edição: 7115"
2026-04-06,23:12:17,Registro,settings_edition_request.py,<module>,"24 criadas, última edição: 7115"
2026-04-06,23:21:18,Registro,settings_edition_request.py,<module>,"24 criadas, última edição: 7115"
2026-04-06,23:21:37,Registro,settings_edition_request.py,<module>,"24 criadas, última edição: 7115"
2026-04-06,23:27:28,Registro,settings_edition_request.py,<module>,"24 criadas, última edição: 7115"
2026-04-07,16:52:24,Registro,settings_edition_request.py,<module>,"24 criadas, última edição: 7115"
2026-04-07,21:52:32,Registro,settings_edition_request.py,<module>,"24 criadas, última edição: 7115"
2026-04-07,23:37:05,Registro,settings_edition_request.py,<module>,"24 criadas, última edição: 7115"
2026-04-08,15:55:14,Registro,settings_edition_request.py,<module>,"24 criadas, última edição: 7115"
2026-04-08,15:55:32,Registro,settings_edition_request.py,<module>,"24 criadas, última edição: 7115"
2026-04-08,16:04:57,Registro,settings_edition_request.py,<module>,"24 criadas, última edição: 7115"
2026-04-08,16:05:40,Registro,settings_edition_request.py,<module>,"24 criadas, última edição: 7115"
2026-04-08,16:08:51,Registro,settings_edition_request.py,<module>,"24 criadas, última edição: 7115"
2026-04-08,16:11:12,Registro,settings_edition_request.py,<module>,"24 criadas, última edição: 7115"
2026-04-08,16:14:25,Registro,settings_edition_request.py,<module>,"24 criadas, última edição: 7115"
2026-04-08,16:34:05,Registro,settings_edition_request.py,<module>,"24 criadas, última edição: 7115"
2026-04-08,16:34:51,Registro,settings_edition_request.py,<module>,"24 criadas, última edição: 7115"
2026-04-08,16:37:11,Registro,settings_edition_request.py,<module>,"24 criadas, última edição: 7115"
2026-04-08,17:20:29,Registro,settings_edition_request.py,<module>,"24 criadas, última edição: 7115"
2026-04-08,17:22:16,Registro,settings_edition_request.py,<module>,"24 criadas, última edição: 7115"
2026-04-08,17:22:50,Registro,settings_edition_request.py,<module>,"24 criadas, última edição: 7115"
2026-04-08,17:23:25,Registro,settings_edition_request.py,<module>,"24 criadas, última edição: 7115"
2026-04-08,17:28:36,Registro,settings_edition_request.py,<module>,"24 criadas, última edição: 8115"
2026-04-08,17:32:28,Registro,settings_edition_request.py,<module>,"24 criadas, última edição: 8115"
2026-04-08,17:32:36,Registro,settings_edition_request.py,<module>,"24 criadas, última edição: 8115"
2026-04-08,17:41:57,Registro,settings_edition_request.py,<module>,"24 criadas, última edição: 8115"
2026-04-08,17:42:08,Registro,settings_edition_request.py,<module>,"24 criadas, última edição: 8115"
2026-04-08,17:42:22,Registro,settings_edition_request.py,<module>,"24 criadas, última edição: 8115"
2026-04-08,17:42:38,Registro,settings_edition_request.py,<module>,"24 criadas, última edição: 8115"
2026-04-08,17:43:42,Registro,settings_edition_request.py,<module>,"24 criadas, última edição: 8115"
2026-04-08,17:44:02,Registro,settings_edition_request.py,<module>,"24 criadas, última edição: 8115"
2026-04-08,17:44:57,Registro,settings_edition_request.py,<module>,"24 criadas, última edição: 8115"
2026-04-08,17:46:51,Registro,settings_edition_request.py,<module>,"24 criadas, última edição: 8115"
2026-04-08,17:48:50,Registro,settings_edition_request.py,<module>,"24 criadas, última edição: 8115"
2026-04-08,17:51:47,Registro,settings_edition_request.py,<module>,"24 criadas, última edição: 8115"
2026-04-08,17:51:58,Registro,settings_edition_request.py,<module>,"24 criadas, última edição: 8115"
2026-04-08,17:52:11,Registro,settings_edition_request.py,<module>,"24 criadas, última edição: 8115"
2026-04-08,17:52:38,Registro,settings_edition_request.py,<module>,"24 criadas, última edição: 8115"
2026-04-08,17:53:13,Registro,settings_edition_request.py,<module>,"24 criadas, última edição: 8115"
2026-04-08,18:02:43,Registro,settings_edition_request.py,<module>,"24 criadas, última edição: 8115"
2026-04-08,18:04:08,Registro,settings_edition_request.py,<module>,"24 criadas, última edição: 8115"
2026-04-08,18:04:59,Registro,settings_edition_request.py,<module>,"24 criadas, última edição: 8115"
2026-04-08,18:05:17,Registro,settings_edition_request.py,<module>,"24 criadas, última edição: 8115"
2026-04-08,18:06:03,Registro,settings_edition_request.py,<module>,"24 criadas, última edição: 8115"
2026-04-08,18:06:26,Registro,settings_edition_request.py,<module>,"24 criadas, última edição: 8115"
2026-04-08,18:07:12,Registro,settings_edition_request.py,<module>,"24 criadas, última edição: 8115"
2026-04-08,18:07:24,Registro,settings_edition_request.py,<module>,"24 criadas, última edição: 8115"
2026-04-08,18:08:25,Registro,settings_edition_request.py,<module>,"24 criadas, última edição: 8115"
2026-04-08,18:11:07,Registro,settings_edition_request.py,<module>,"24 criadas, última edição: 8115"
2026-04-08,18:11:28,Registro,settings_edition_request.py,<module>,"24 criadas, última edição: 8115"
2026-04-08,18:11:58,Registro,settings_edition_request.py,<module>,"24 criadas, última edição: 8115"
2026-04-08,18:12:07,Registro,settings_edition_request.py,<module>,"24 criadas, última edição: 8115"
2026-04-08,18:13:23,Registro,settings_edition_request.py,<module>,"24 criadas, última edição: 8115"
2026-04-08,18:13:33,Registro,settings_edition_request.py,<module>,"24 criadas, última edição: 8115"
2026-04-08,18:13:53,Registro,settings_edition_request.py,<module>,"24 criadas, última edição: 8115"
2026-04-08,18:14:01,Registro,settings_edition_request.py,<module>,"24 criadas, última edição: 8115"
2026-04-08,18:14:44,Registro,settings_edition_request.py,<module>,"24 criadas, última edição: 8115"
2026-04-08,18:14:59,Registro,settings_edition_request.py,<module>,"24 criadas, última edição: 8115"
2026-04-08,18:15:07,Registro,settings_edition_request.py,<module>,"24 criadas, última edição: 8115"
2026-04-08,18:15:14,Registro,settings_edition_request.py,<module>,"24 criadas, última edição: 8115"
2026-04-08,21:54:14,Registro,settings_edition_request.py,<module>,"24 criadas, última edição: 8115"
2026-04-08,23:29:18,Registro,settings_edition_request.py,<module>,"24 criadas, última edição: 8115"
2026-04-08,23:30:05,Registro,settings_edition_request.py,<module>,"24 criadas, última edição: 8115"
2026-04-09,15:38:56,Registro,settings_edition_request.py,<module>,"24 criadas, última edição: 8115"
2026-04-09,15:42:08,Registro,settings_edition_request.py,<module>,"24 criadas, última edição: 8115"
2026-04-09,15:46:42,Registro,settings_edition_request.py,<module>,"24 criadas, última edição: 8115"
2026-04-09,15:53:24,Registro,settings_edition_request.py,<module>,"24 criadas, última edição: 8115"
2026-04-09,16:35:31,Registro,settings_edition_request.py,<module>,"24 criadas, última edição: 8115"
2026-04-09,17:11:11,Registro,settings_edition_request.py,<module>,"24 criadas, última edição: 8115"
2026-04-09,17:11:20,Registro,settings_edition_request.py,<module>,"24 criadas, última edição: 8115"
2026-04-09,17:12:15,Registro,settings_edition_request.py,<module>,"24 criadas, última edição: 8115"
2026-04-09,17:21:54,Registro,settings_edition_request.py,<module>,"24 criadas, última edição: 8115"
2026-04-09,17:22:03,Registro,settings_edition_request.py,<module>,"24 criadas, última edição: 8115"
2026-04-09,17:22:08,Registro,settings_edition_request.py,<module>,"24 criadas, última edição: 8115"
2026-04-09,17:22:16,Registro,settings_edition_request.py,<module>,"24 criadas, última edição: 8115"
2026-04-09,17:24:23,Registro,settings_edition_request.py,<module>,"24 criadas, última edição: 7115"
2026-04-09,17:58:17,Registro,settings_edition_request.py,<module>,"24 criadas, última edição: 7115"
2026-04-09,21:54:52,Registro,settings_edition_request.py,<module>,"24 criadas, última edição: 7115"
2026-04-10,15:29:30,Registro,settings_edition_request.py,<module>,"24 criadas, última edição: 7115"
2026-04-10,15:30:25,Registro,settings_edition_request.py,<module>,"24 criadas, última edição: 7115"
2026-04-10,17:12:32,Registro,settings_edition_request.py,<module>,"24 criadas, última edição: 7115"
2026-04-10,17:13:35,Registro,settings_edition_request.py,<module>,"24 criadas, última edição: 14206"
2026-04-10,17:14:48,Registro,settings_edition_request.py,<module>,"24 criadas, última edição: 14206"
2026-04-10,18:00:29,Registro,settings_edition_request.py,<module>,"24 criadas, última edição: 14206"
2026-04-10,21:21:35,Registro,settings_edition_request.py,<module>,"24 criadas, última edição: 14206"
2026-04-10,21:22:49,Registro,settings_edition_request.py,<module>,"24 criadas, última edição: 14206"
2026-04-12,19:35:37,Registro,settings_edition_request.py,<module>,"24 criadas, última edição: 14206"
2026-04-12,21:33:59,Registro,settings_edition_request.py,<module>,"24 criadas, última edição: 14206"
2026-04-12,21:34:32,Registro,settings_edition_request.py,<module>,"24 criadas, última edição: 14206"
2026-04-12,21:34:49,Registro,settings_edition_request.py,<module>,"24 criadas, última edição: 14206"
2026-04-12,21:34:57,Registro,settings_edition_request.py,<module>,"24 criadas, última edição: 14206"
2026-04-12,21:35:08,Registro,settings_edition_request.py,<module>,"24 criadas, última edição: 14206"
2026-04-12,21:35:20,Registro,settings_edition_request.py,<module>,"24 criadas, última edição: 14206"
2026-04-12,21:36:42,Registro,settings_edition_request.py,<module>,"24 criadas, última edição: 14206"
2026-04-12,21:36:57,Registro,settings_edition_request.py,<module>,"24 criadas, última edição: 14206"
2026-04-12,21:37:00,Registro,settings_edition_request.py,<module>,"24 criadas, última edição: 14206"
2026-04-12,21:37:22,Registro,settings_edition_request.py,<module>,"24 criadas, última edição: 14206"
2026-04-12,21:38:11,Registro,settings_edition_request.py,<module>,"24 criadas, última edição: 14206"
2026-04-12,21:38:18,Registro,settings_edition_request.py,<module>,"24 criadas, última edição: 14206"
2026-04-12,21:38:25,Registro,settings_edition_request.py,<module>,"24 criadas, última edição: 14206"
2026-04-14,17:12:34,Registro,settings_edition_request.py,<module>,"24 criadas, última edição: 14206"
2026-04-14,17:38:23,Registro,settings_edition_request.py,<module>,"24 criadas, última edição: 14206"
2026-04-14,17:38:57,Registro,settings_edition_request.py,<module>,"24 criadas, última edição: 14206"
2026-04-14,17:39:18,Registro,settings_edition_request.py,<module>,"24 criadas, última edição: 14206"
2026-04-14,17:39:45,Registro,settings_edition_request.py,<module>,"24 criadas, última edição: 14206"
2026-04-14,17:41:08,Registro,settings_edition_request.py,<module>,"24 criadas, última edição: 14206"
2026-04-14,17:41:36,Registro,settings_edition_request.py,<module>,"24 criadas, última edição: 14206"
2026-04-14,17:42:46,Registro,settings_edition_request.py,<module>,"24 criadas, última edição: 14206"
2026-04-14,17:43:32,Registro,settings_edition_request.py,<module>,"24 criadas, última edição: 14206"
2026-04-14,17:47:24,Registro,settings_edition_request.py,<module>,"24 criadas, última edição: 14206"
2026-04-14,17:47:54,Registro,settings_edition_request.py,<module>,"24 criadas, última edição: 14206"
2026-04-14,17:48:57,Registro,settings_edition_request.py,<module>,"24 criadas, última edição: 14206"
2026-04-14,17:50:00,Registro,settings_edition_request.py,<module>,"24 criadas, última edição: 14206"
2026-04-14,17:53:04,Registro,settings_edition_request.py,<module>,"24 criadas, última edição: 14206"
2026-04-15,22:06:39,Registro,settings_edition_request.py,<module>,"24 criadas, última edição: 14206"
2026-04-16,22:39:31,Registro,settings_edition_request.py,<module>,"24 criadas, última edição: 14206"
2026-04-17,22:35:22,Registro,settings_edition_request.py,<module>,"24 criadas, última edição: 14206"
2026-04-19,19:30:08,Registro,settings_edition_request.py,<module>,"24 criadas, última edição: 14206"
2026-04-19,21:22:10,Registro,settings_edition_request.py,<module>,"24 criadas, última edição: 14206"
2026-04-20,21:54:18,Registro,settings_edition_request.py,<module>,"24 criadas, última edição: 14206"
2026-04-21,20:28:42,Registro,settings_edition_request.py,<module>,"24 criadas, última edição: 14206"
2026-04-22,17:39:38,Registro,settings_edition_request.py,<module>,"24 criadas, última edição: 14206"
2026-04-22,17:42:39,Registro,settings_edition_request.py,<module>,"24 criadas, última edição: 14206"
2026-04-22,22:38:51,Registro,settings_edition_request.py,<module>,"24 criadas, última edição: 14206"
2026-04-23,00:07:09,Registro,settings_edition_request.py,<module>,"24 criadas, última edição: 14206"
2026-04-23,15:21:53,Registro,settings_edition_request.py,<module>,"24 criadas, última edição: 14206"
2026-04-23,15:25:11,Registro,settings_edition_request.py,<module>,"24 criadas, última edição: 14206"
2026-04-23,15:28:39,Registro,settings_edition_request.py,<module>,"24 criadas, última edição: 14206"
2026-04-23,15:33:33,Registro,settings_edition_request.py,<module>,"24 criadas, última edição: 14206"
2026-04-23,15:34:37,Registro,settings_edition_request.py,<module>,"24 criadas, última edição: 14206"
2026-04-23,15:40:15,Registro,settings_edition_request.py,<module>,"24 criadas, última edição: 14206"
2026-04-23,15:54:19,Registro,settings_edition_request.py,<module>,"24 criadas, última edição: 14206"
2026-04-23,16:39:08,Registro,settings_edition_request.py,<module>,"24 criadas, última edição: 14206"
2026-04-23,16:40:28,Registro,settings_edition_request.py,<module>,"24 criadas, última edição: 14206"
2026-04-23,16:41:11,Registro,settings_edition_request.py,<module>,"24 criadas, última edição: 14206"
2026-04-23,16:42:50,Registro,settings_edition_request.py,<module>,"24 criadas, última edição: 14206"
2026-04-23,16:43:15,Registro,settings_edition_request.py,<module>,"24 criadas, última edição: 14206"
2026-04-23,16:44:10,Registro,settings_edition_request.py,<module>,"24 criadas, última edição: 14206"
2026-04-23,16:45:03,Registro,settings_edition_request.py,<module>,"24 criadas, última edição: 14206"
2026-04-23,16:45:52,Registro,settings_edition_request.py,<module>,"24 criadas, última edição: 14206"
2026-04-23,16:47:13,Registro,settings_edition_request.py,<module>,"24 criadas, última edição: 14206"
2026-04-23,16:58:24,Registro,settings_edition_request.py,<module>,"24 criadas, última edição: 14206"
2026-04-23,17:00:34,Registro,settings_edition_request.py,<module>,"24 criadas, última edição: 14206"
2026-04-27,21:17:02,Registro,settings_edition_request.py,<module>,"24 criadas, última edição: 14206"
2026-04-28,15:47:04,Registro,settings_edition_request.py,<module>,"24 criadas, última edição: 14206"
2026-04-28,17:12:17,Registro,settings_edition_request.py,<module>,"24 criadas, última edição: 14206"
2026-04-28,17:26:12,Registro,settings_edition_request.py,<module>,"24 criadas, última edição: 14206"
2026-04-28,17:58:41,Registro,settings_edition_request.py,<module>,"24 criadas, última edição: 14206"
2026-04-28,17:59:24,Registro,settings_edition_request.py,<module>,"24 criadas, última edição: 14206"
2026-04-28,17:59:58,Registro,settings_edition_request.py,<module>,"24 criadas, última edição: 14206"
2026-04-28,18:01:14,Registro,settings_edition_request.py,<module>,"24 criadas, última edição: 14206"
2026-04-28,22:19:42,Registro,settings_edition_request.py,<module>,"24 criadas, última edição: 14206"
2026-04-29,15:12:41,Registro,settings_edition_request.py,<module>,"24 criadas, última edição: 14206"
2026-04-29,22:53:25,Registro,settings_edition_request.py,<module>,"24 criadas, última edição: 14206"
2026-04-30,16:48:59,Registro,settings_edition_request.py,<module>,"24 criadas, última edição: 14206"
2026-04-30,16:49:05,Registro,settings_edition_request.py,<module>,"24 criadas, última edição: 14206"
2026-04-30,22:39:07,Registro,settings_edition_request.py,<module>,"24 criadas, última edição: 14206"
2026-04-30,22:39:28,Registro,settings_edition_request.py,<module>,"24 criadas, última edição: 14206"
2026-05-01,20:04:02,Registro,settings_edition_request.py,<module>,"24 criadas, última edição: 14206"
2026-05-03,19:57:10,Registro,settings_edition_request.py,<module>,"24 criadas, última edição: 14206"
2026-05-05,00:31:18,Registro,settings_edition_request.py,<module>,"24 criadas, última edição: 14206"
2026-05-05,00:33:39,Registro,settings_edition_request.py,<module>,"24 criadas, última edição: 14206"
2026-05-05,00:38:11,Registro,settings_edition_request.py,<module>,"24 criadas, última edição: 14206"
2026-05-05,16:55:04,Registro,settings_edition_request.py,<module>,"24 criadas, última edição: 14206"
2026-05-05,16:55:44,Registro,settings_edition_request.py,<module>,"24 criadas, última edição: 14206"
2026-05-05,16:59:47,Registro,settings_edition_request.py,<module>,"24 criadas, última edição: 14206"
2026-05-05,17:00:52,Registro,settings_edition_request.py,<module>,"24 criadas, última edição: 14206"
2026-05-05,17:01:29,Registro,settings_edition_request.py,<module>,"24 criadas, última edição: 14206"
2026-05-05,17:08:32,Registro,settings_edition_request.py,<module>,"24 criadas, última edição: 14206"
2026-05-05,17:15:03,Registro,settings_edition_request.py,<module>,"24 criadas, última edição: 14206"
2026-05-05,17:48:37,Registro,settings_edition_request.py,<module>,"24 criadas, última edição: 14206"
2026-05-05,17:49:20,Registro,settings_edition_request.py,<module>,"24 criadas, última edição: 14206"
2026-05-05,17:51:34,Registro,settings_edition_request.py,<module>,"24 criadas, última edição: 14206"
2026-05-05,17:53:35,Registro,settings_edition_request.py,<module>,"24 criadas, última edição: 14206"
2026-05-05,17:54:10,Registro,settings_edition_request.py,<module>,"24 criadas, última edição: 14206"
2026-05-05,17:58:50,Registro,settings_edition_request.py,<module>,"24 criadas, última edição: 14206"
2026-05-05,18:00:04,Registro,settings_edition_request.py,<module>,"24 criadas, última edição: 14206"
2026-05-05,18:00:37,Registro,settings_edition_request.py,<module>,"24 criadas, última edição: 14206"
2026-05-05,18:02:15,Registro,settings_edition_request.py,<module>,"24 criadas, última edição: 14206"
2026-05-05,18:02:17,Registro,settings_edition_request.py,<module>,"24 criadas, última edição: 14206"
2026-05-05,18:07:12,Registro,settings_edition_request.py,<module>,"24 criadas, última edição: 14206"
2026-05-05,18:08:52,Registro,settings_edition_request.py,<module>,"24 criadas, última edição: 14206"
2026-05-05,18:09:11,Registro,settings_edition_request.py,<module>,"24 criadas, última edição: 14206"
2026-05-05,18:09:45,Registro,settings_edition_request.py,<module>,"24 criadas, última edição: 14206"
2026-05-05,22:10:18,Registro,settings_edition_request.py,<module>,"24 criadas, última edição: 14206"
2026-05-05,22:55:35,Registro,settings_edition_request.py,<module>,"24 criadas, última edição: 14206"
2026-05-06,15:31:55,Registro,settings_edition_request.py,<module>,"24 criadas, última edição: 14206"
2026-05-06,15:32:36,Registro,settings_edition_request.py,<module>,"24 criadas, última edição: 14206"
2026-05-06,15:53:20,Registro,settings_edition_request.py,<module>,"24 criadas, última edição: 14206"
2026-05-06,15:55:23,Registro,settings_edition_request.py,<module>,"24 criadas, última edição: 14206"
2026-05-06,15:55:32,Registro,settings_edition_request.py,<module>,"24 criadas, última edição: 14206"
2026-05-06,16:01:43,Registro,settings_edition_request.py,<module>,"24 criadas, última edição: 14206"
2026-05-06,16:02:31,Registro,settings_edition_request.py,<module>,"24 criadas, última edição: 14206"
2026-05-06,16:05:24,Registro,settings_edition_request.py,<module>,"24 criadas, última edição: 14206"
2026-05-06,16:08:26,Registro,settings_edition_request.py,<module>,"24 criadas, última edição: 14206"
2026-05-06,18:34:06,Registro,settings_edition_request.py,<module>,"24 criadas, última edição: 14206"
2026-05-06,21:50:57,Registro,settings_edition_request.py,<module>,"24 criadas, última edição: 14206"
2026-05-06,22:19:10,Registro,settings_edition_request.py,<module>,"24 criadas, última edição: 14206"
2026-05-06,22:36:06,Registro,settings_edition_request.py,<module>,"24 criadas, última edição: 14206"
2026-05-06,22:37:17,Registro,settings_edition_request.py,<module>,"24 criadas, última edição: 14206"
2026-05-06,22:38:42,Registro,settings_edition_request.py,<module>,"24 criadas, última edição: 14206"
2026-05-06,22:40:15,Registro,settings_edition_request.py,<module>,"24 criadas, última edição: 14206"
2026-05-08,21:20:46,Registro,settings_edition_request.py,<module>,"24 criadas, última edição: 14206"
2026-05-08,21:40:46,Registro,settings_edition_request.py,<module>,"24 criadas, última edição: 14206"
2026-05-10,19:18:26,Registro,settings_edition_request.py,<module>,"24 criadas, última edição: 14206"
2026-05-10,21:11:34,Registro,settings_edition_request.py,<module>,"24 criadas, última edição: 14206"
2026-05-10,21:13:46,Registro,settings_edition_request.py,<module>,"24 criadas, última edição: 14206"
2026-05-11,15:28:27,Registro,settings_edition_request.py,<module>,"24 criadas, última edição: 14206"
2026-05-11,16:20:44,Registro,settings_edition_request.py,<module>,"24 criadas, última edição: 14206"
2026-05-11,17:22:17,Registro,settings_edition_request.py,<module>,"24 criadas, última edição: 14206"
2026-05-11,17:25:27,Registro,settings_edition_request.py,<module>,"24 criadas, última edição: 14206"
2026-05-11,17:32:47,Registro,settings_edition_request.py,<module>,"24 criadas, última edição: 14206"
2026-05-11,17:34:36,Registro,settings_edition_request.py,<module>,"24 criadas, última edição: 14206"
2026-05-11,17:35:04,Registro,settings_edition_request.py,<module>,"24 criadas, última edição: 14206"
2026-05-11,17:36:32,Registro,settings_edition_request.py,<module>,"24 criadas, última edição: 14206"
2026-05-11,17:38:29,Registro,settings_edition_request.py,<module>,"24 criadas, última edição: 14206"
2026-05-11,17:38:46,Registro,settings_edition_request.py,<module>,"24 criadas, última edição: 14206"
2026-05-11,17:38:53,Registro,settings_edition_request.py,<module>,"24 criadas, última edição: 14206"
2026-05-11,17:55:34,Registro,settings_edition_request.py,<module>,"24 criadas, última edição: 14206"
2026-05-11,17:57:30,Registro,settings_edition_request.py,<module>,"24 criadas, última edição: 14206"
2026-05-11,21:28:38,Registro,settings_edition_request.py,<module>,"24 criadas, última edição: 14206"
2026-05-11,22:32:04,Registro,settings_edition_request.py,<module>,"24 criadas, última edição: 14206"
2026-05-12,15:07:32,Registro,settings_edition_request.py,<module>,"24 criadas, última edição: 14206"
2026-05-12,15:08:01,Registro,settings_edition_request.py,<module>,"24 criadas, última edição: 14206"
2026-05-12,15:10:29,Registro,settings_edition_request.py,<module>,"24 criadas, última edição: 14206"
2026-05-12,15:13:13,Registro,settings_edition_request.py,<module>,"24 criadas, última edição: 14206"
2026-05-12,15:20:55,Registro,settings_edition_request.py,<module>,"24 criadas, última edição: 14206"
2026-05-12,15:24:10,Registro,settings_edition_request.py,<module>,"24 criadas, última edição: 14206"
2026-05-12,15:38:10,Registro,settings_edition_request.py,<module>,"24 criadas, última edição: 14206"
2026-05-12,15:42:54,Registro,settings_edition_request.py,<module>,"24 criadas, última edição: 14206"
2026-05-12,15:44:06,Registro,settings_edition_request.py,<module>,"24 criadas, última edição: 14206"
2026-05-12,16:12:16,Registro,settings_edition_request.py,<module>,"24 criadas, última edição: 14206"
2026-05-12,21:08:09,Registro,settings_edition_request.py,<module>,"24 criadas, última edição: 14206"
2026-05-13,15:15:41,Registro,settings_edition_request.py,<module>,"24 criadas, última edição: 14206"
2026-05-13,15:31:51,Registro,settings_edition_request.py,<module>,"24 criadas, última edição: 14206"
2026-05-13,15:35:28,Registro,settings_edition_request.py,<module>,"24 criadas, última edição: 14206"
2026-05-13,15:37:27,Registro,settings_edition_request.py,<module>,"24 criadas, última edição: 14206"
2026-05-13,15:39:56,Registro,settings_edition_request.py,<module>,"24 criadas, última edição: 14206"
2026-05-13,17:38:45,Registro,settings_edition_request.py,<module>,"24 criadas, última edição: 14206"
2026-05-13,17:39:17,Registro,settings_edition_request.py,<module>,"24 criadas, última edição: 14206"
2026-05-13,17:43:37,Registro,settings_edition_request.py,<module>,"24 criadas, última edição: 14206"
2026-05-13,17:43:56,Registro,settings_edition_request.py,<module>,"24 criadas, última edição: 14206"
2026-05-13,17:46:58,Registro,settings_edition_request.py,<module>,"24 criadas, última edição: 14206"
2026-05-13,17:47:10,Registro,settings_edition_request.py,<module>,"24 criadas, última edição: 14206"
2026-05-13,17:47:25,Registro,settings_edition_request.py,<module>,"24 criadas, última edição: 14206"
2026-05-13,17:47:38,Registro,settings_edition_request.py,<module>,"24 criadas, última edição: 14206"
2026-05-13,17:47:59,Registro,settings_edition_request.py,<module>,"24 criadas, última edição: 14206"
2026-05-13,17:48:10,Registro,settings_edition_request.py,<module>,"24 criadas, última edição: 14206"
2026-05-13,17:48:23,Registro,settings_edition_request.py,<module>,"24 criadas, última edição: 14206"
2026-05-13,17:48:36,Registro,settings_edition_request.py,<module>,"24 criadas, última edição: 14206"
2026-05-13,17:48:52,Registro,settings_edition_request.py,<module>,"24 criadas, última edição: 14206"
2026-05-13,17:49:57,Registro,settings_edition_request.py,<module>,"24 criadas, última edição: 14206"
2026-05-13,17:50:10,Registro,settings_edition_request.py,<module>,"24 criadas, última edição: 14206"
2026-05-13,17:51:13,Registro,settings_edition_request.py,<module>,"24 criadas, última edição: 14206"
2026-05-13,17:52:54,Registro,settings_edition_request.py,<module>,"24 criadas, última edição: 14206"
2026-05-13,17:53:03,Registro,settings_edition_request.py,<module>,"24 criadas, última edição: 14206"
2026-05-13,17:53:36,Registro,settings_edition_request.py,<module>,"24 criadas, última edição: 14206"
2026-05-13,17:57:24,Registro,settings_edition_request.py,<module>,"24 criadas, última edição: 14206"
2026-05-13,23:12:21,Registro,settings_edition_request.py,<module>,"24 criadas, última edição: 14206"
2026-05-14,15:28:42,Registro,settings_edition_request.py,<module>,"24 criadas, última edição: 14206"
2026-05-14,15:28:49,Registro,settings_edition_request.py,<module>,"24 criadas, última edição: 14206"
2026-05-14,17:12:26,Registro,settings_edition_request.py,<module>,"24 criadas, última edição: 14206"
2026-05-14,17:25:55,Registro,settings_edition_request.py,<module>,"24 criadas, última edição: 14206"
2026-05-14,17:26:12,Registro,settings_edition_request.py,<module>,"24 criadas, última edição: 14206"
2026-05-14,17:26:30,Registro,settings_edition_request.py,<module>,"24 criadas, última edição: 14206"
2026-05-14,17:33:29,Registro,settings_edition_request.py,<module>,"24 criadas, última edição: 14206"
2026-05-14,17:33:36,Registro,settings_edition_request.py,<module>,"24 criadas, última edição: 14206"
2026-05-14,17:37:20,Registro,settings_edition_request.py,<module>,"24 criadas, última edição: 14206"
2026-05-14,17:37:40,Registro,settings_edition_request.py,<module>,"24 criadas, última edição: 14206"
2026-05-14,17:40:41,Registro,settings_edition_request.py,<module>,"24 criadas, última edição: 14206"
2026-05-14,17:40:58,Registro,settings_edition_request.py,<module>,"24 criadas, última edição: 14206"
2026-05-14,17:41:44,Registro,settings_edition_request.py,<module>,"24 criadas, última edição: 14206"
2026-05-14,17:42:13,Registro,settings_edition_request.py,<module>,"24 criadas, última edição: 14206"
2026-05-14,17:42:54,Registro,settings_edition_request.py,<module>,"24 criadas, última edição: 14206"
2026-05-14,17:45:06,Registro,settings_edition_request.py,<module>,"24 criadas, última edição: 14206"
2026-05-14,17:47:34,Registro,settings_edition_request.py,<module>,"24 criadas, última edição: 14206"
2026-05-14,17:53:23,Registro,settings_edition_request.py,<module>,"24 criadas, última edição: 14206"
2026-05-14,18:00:03,Registro,settings_edition_request.py,<module>,"24 criadas, última edição: 14206"
2026-05-14,18:00:42,Registro,settings_edition_request.py,<module>,"24 criadas, última edição: 14206"
2026-05-14,18:04:17,Registro,settings_edition_request.py,<module>,"24 criadas, última edição: 14206"
2026-05-14,18:04:27,Registro,settings_edition_request.py,<module>,"24 criadas, última edição: 14206"
2026-05-14,18:05:31,Registro,settings_edition_request.py,<module>,"24 criadas, última edição: 14206"
2026-05-14,18:06:17,Registro,settings_edition_request.py,<module>,"24 criadas, última edição: 14206"
2026-05-14,18:07:25,Registro,settings_edition_request.py,<module>,"24 criadas, última edição: 14206"
2026-05-15,15:20:26,Registro,settings_edition_request.py,<module>,"24 criadas, última edição: 14206"
2026-05-15,16:26:00,Registro,settings_edition_request.py,<module>,"24 criadas, última edição: 14206"
2026-05-15,16:26:28,Registro,settings_edition_request.py,<module>,"24 criadas, última edição: 14206"
2026-05-15,16:28:23,Registro,settings_edition_request.py,<module>,"24 criadas, última edição: 14206"
2026-05-15,16:29:49,Registro,settings_edition_request.py,<module>,"24 criadas, última edição: 14206"
2026-05-15,17:14:36,Registro,settings_edition_request.py,<module>,"24 criadas, última edição: 14206"
2026-05-15,17:23:42,Registro,settings_edition_request.py,<module>,"24 criadas, última edição: 14206"
2026-05-15,17:26:30,Registro,settings_edition_request.py,<module>,"24 criadas, última edição: 14206"
2026-05-15,23:20:47,Registro,settings_edition_request.py,<module>,"24 criadas, última edição: 14206"
2026-05-16,00:27:18,Registro,settings_edition_request.py,<module>,"24 criadas, última edição: 14206"
2026-05-17,19:55:02,Registro,settings_edition_request.py,<module>,"24 criadas, última edição: 14206"
2026-05-17,19:55:46,Registro,settings_edition_request.py,<module>,"24 criadas, última edição: 14206"
2026-05-18,16:16:48,Registro,settings_edition_request.py,<module>,"24 criadas, última edição: 14206"
2026-05-18,16:21:25,Registro,settings_edition_request.py,<module>,"24 criadas, última edição: 14206"
2026-05-18,17:08:01,Registro,settings_edition_request.py,<module>,"24 criadas, última edição: 14206"
2026-05-18,17:11:21,Registro,settings_edition_request.py,<module>,"24 criadas, última edição: 14206"
2026-05-18,17:14:45,Registro,settings_edition_request.py,<module>,"24 criadas, última edição: 14206"
2026-05-18,17:17:15,Registro,settings_edition_request.py,<module>,"24 criadas, última edição: 14206"
2026-05-18,17:20:43,Registro,settings_edition_request.py,<module>,"24 criadas, última edição: 14206"
2026-05-18,22:34:46,Registro,settings_edition_request.py,<module>,"24 criadas, última edição: 14206"
2026-05-19,00:05:24,Registro,settings_edition_request.py,<module>,"24 criadas, última edição: 14206"
2026-05-19,00:10:42,Registro,settings_edition_request.py,<module>,"24 criadas, última edição: 14206"
2026-05-19,15:25:18,Registro,settings_edition_request.py,<module>,"24 criadas, última edição: 14206"
2026-05-19,15:32:48,Registro,settings_edition_request.py,<module>,"24 criadas, última edição: 14206"
2026-05-19,15:40:30,Registro,settings_edition_request.py,<module>,"24 criadas, última edição: 14206"
2026-05-19,22:00:27,Registro,settings_edition_request.py,<module>,"24 criadas, última edição: 14206"
2026-05-20,16:34:13,Registro,settings_edition_request.py,<module>,"24 criadas, última edição: 14206"
2026-05-20,16:35:08,Registro,settings_edition_request.py,<module>,"24 criadas, última edição: 14206"
2026-05-20,16:37:15,Registro,settings_edition_request.py,<module>,"24 criadas, última edição: 14206"
2026-05-20,16:37:41,Registro,settings_edition_request.py,<module>,"24 criadas, última edição: 14206"
2026-05-20,16:38:44,Registro,settings_edition_request.py,<module>,"24 criadas, última edição: 14206"
2026-05-20,16:39:23,Registro,settings_edition_request.py,<module>,"24 criadas, última edição: 14206"
2026-05-20,16:39:39,Registro,settings_edition_request.py,<module>,"24 criadas, última edição: 14206"
2026-05-20,16:44:34,Registro,settings_edition_request.py,<module>,"24 criadas, última edição: 14206"
2026-05-20,16:47:14,Registro,settings_edition_request.py,<module>,"24 criadas, última edição: 14206"
2026-05-20,22:21:43,Registro,settings_edition_request.py,<module>,"24 criadas, última edição: 14206"
2026-05-21,15:19:09,Registro,settings_edition_request.py,<module>,"24 criadas, última edição: 14206"
2026-05-21,15:22:57,Registro,settings_edition_request.py,<module>,"24 criadas, última edição: 14206"
2026-05-21,15:23:36,Registro,settings_edition_request.py,<module>,"24 criadas, última edição: 14206"
2026-05-21,15:24:37,Registro,settings_edition_request.py,<module>,"24 criadas, última edição: 14206"
2026-05-21,15:27:26,Registro,settings_edition_request.py,<module>,"24 criadas, última edição: 14206"
2026-05-21,15:28:08,Registro,settings_edition_request.py,<module>,"24 criadas, última edição: 14206"
2026-05-21,21:34:49,Registro,settings_edition_request.py,<module>,"24 criadas, última edição: 14206"
2026-05-21,21:35:07,Registro,settings_edition_request.py,<module>,"24 criadas, última edição: 14206"
2026-05-22,17:50:34,Registro,settings_edition_request.py,<module>,"24 criadas, última edição: 14206"
2026-05-22,17:52:10,Registro,settings_edition_request.py,<module>,"24 criadas, última edição: 14206"
2026-05-22,17:53:09,Registro,settings_edition_request.py,<module>,"24 criadas, última edição: 14206"
2026-05-22,17:55:30,Registro,settings_edition_request.py,<module>,"24 criadas, última edição: 14206"
2026-05-22,21:55:23,Registro,settings_edition_request.py,<module>,"24 criadas, última edição: 14206"
2026-05-24,20:02:28,Registro,settings_edition_request.py,<module>,"24 criadas, última edição: 14206"
2026-05-26,21:33:18,Registro,settings_edition_request.py,<module>,"24 criadas, última edição: 14206"
2026-05-26,21:52:59,Registro,settings_edition_request.py,<module>,"24 criadas, última edição: 14206"
2026-05-26,22:06:40,Registro,settings_edition_request.py,<module>,"24 criadas, última edição: 14206"
2026-05-26,22:42:43,Registro,settings_edition_request.py,<module>,"24 criadas, última edição: 14206"
2026-05-26,22:46:25,Registro,settings_edition_request.py,<module>,"24 criadas, última edição: 14206"
2026-05-27,16:09:20,Registro,settings_edition_request.py,<module>,"24 criadas, última edição: 14206"
2026-05-27,16:34:09,Registro,settings_edition_request.py,<module>,"24 criadas, última edição: 14206"
2026-05-27,16:40:44,Registro,settings_edition_request.py,<module>,"24 criadas, última edição: 14206"
2026-05-27,16:42:10,Registro,settings_edition_request.py,<module>,"24 criadas, última edição: 14206"
2026-05-27,16:43:05,Registro,settings_edition_request.py,<module>,"24 criadas, última edição: 14206"
2026-05-27,16:46:11,Registro,settings_edition_request.py,<module>,"24 criadas, última edição: 14206"
2026-05-27,16:54:59,Registro,settings_edition_request.py,<module>,"24 criadas, última edição: 14206"
2026-05-27,16:57:44,Registro,settings_edition_request.py,<module>,"24 criadas, última edição: 14206"
2026-05-27,16:58:12,Registro,settings_edition_request.py,<module>,"24 criadas, última edição: 14206"
2026-05-27,17:00:14,Registro,settings_edition_request.py,<module>,"24 criadas, última edição: 14206"
2026-05-27,17:03:01,Registro,settings_edition_request.py,<module>,"24 criadas, última edição: 14206"
2026-05-27,17:04:47,Registro,settings_edition_request.py,<module>,"24 criadas, última edição: 14206"
2026-05-27,17:05:23,Registro,settings_edition_request.py,<module>,"24 criadas, última edição: 14206"
2026-05-27,17:05:52,Registro,settings_edition_request.py,<module>,"24 criadas, última edição: 14206"
2026-05-27,17:07:12,Registro,settings_edition_request.py,<module>,"24 criadas, última edição: 14206"
2026-05-27,17:07:55,Registro,settings_edition_request.py,<module>,"24 criadas, última edição: 14206"
2026-05-27,17:08:59,Registro,settings_edition_request.py,<module>,"24 criadas, última edição: 14206"
2026-05-27,17:09:17,Registro,settings_edition_request.py,<module>,"24 criadas, última edição: 14206"
2026-05-27,17:09:41,Registro,settings_edition_request.py,<module>,"24 criadas, última edição: 14206"
2026-05-27,21:52:23,Registro,settings_edition_request.py,<module>,"24 criadas, última edição: 14206"
2026-05-27,21:52:34,Registro,settings_edition_request.py,<module>,"24 criadas, última edição: 14206"
2026-05-27,21:52:38,Registro,settings_edition_request.py,<module>,"24 criadas, última edição: 14206"
2026-05-27,21:53:01,Registro,settings_edition_request.py,<module>,"24 criadas, última edição: 14206"
2026-05-28,22:20:26,Registro,settings_edition_request.py,<module>,"24 criadas, última edição: 14206"
2026-05-28,22:21:14,Registro,settings_edition_request.py,<module>,"24 criadas, última edição: 14206"
2026-05-29,21:40:50,Registro,settings_edition_request.py,<module>,"24 criadas, última edição: 14206"
2026-05-31,20:44:19,Registro,settings_edition_request.py,<module>,"24 criadas, última edição: 14206"
2026-06-01,16:41:41,Registro,settings_edition_request.py,<module>,"24 criadas, última edição: 14206"
2026-06-01,16:45:21,Registro,settings_edition_request.py,<module>,"24 criadas, última edição: 14206"
2026-06-01,17:10:14,Registro,settings_edition_request.py,<module>,"24 criadas, última edição: 14206"
2026-06-01,17:16:04,Registro,settings_edition_request.py,<module>,"24 criadas, última edição: 14206"
2026-06-01,17:16:28,Registro,settings_edition_request.py,<module>,"24 criadas, última edição: 14206"
2026-06-01,17:16:52,Registro,settings_edition_request.py,<module>,"24 criadas, última edição: 14206"
2026-06-01,17:17:52,Registro,settings_edition_request.py,<module>,"24 criadas, última edição: 14206"
2026-06-01,17:18:49,Registro,settings_edition_request.py,<module>,"24 criadas, última edição: 14206"
2026-06-01,23:37:01,Registro,settings_edition_request.py,<module>,"24 criadas, última edição: 14206"
2026-06-02,00:01:12,Registro,settings_edition_request.py,<module>,"24 criadas, última edição: 14206"
2026-06-02,00:01:29,Registro,settings_edition_request.py,<module>,"24 criadas, última edição: 14206"
2026-06-02,00:13:03,Registro,settings_edition_request.py,<module>,"24 criadas, última edição: 14206"
2026-06-02,18:23:31,Registro,settings_edition_request.py,<module>,"24 criadas, última edição: 14206"
2026-06-02,22:08:49,Registro,settings_edition_request.py,<module>,"24 criadas, última edição: 14206"
2026-06-03,16:23:07,Registro,settings_edition_request.py,<module>,"24 criadas, última edição: 14206"
2026-06-03,23:41:17,Registro,settings_edition_request.py,<module>,"24 criadas, última edição: 14206"
2026-06-03,23:41:55,Registro,settings_edition_request.py,<module>,"24 criadas, última edição: 14206"
2026-06-04,20:52:29,Registro,settings_edition_request.py,<module>,"24 criadas, última edição: 14206"
2026-06-05,15:19:49,Registro,settings_edition_request.py,<module>,"24 criadas, última edição: 14206"
2026-06-05,17:11:28,Registro,settings_edition_request.py,<module>,"24 criadas, última edição: 14206"
2026-06-05,17:13:34,Registro,settings_edition_request.py,<module>,"24 criadas, última edição: 14206"
2026-06-05,17:17:01,Registro,settings_edition_request.py,<module>,"24 criadas, última edição: 14206"
2026-06-05,17:19:17,Registro,settings_edition_request.py,<module>,"24 criadas, última edição: 14206"
2026-06-05,17:19:40,Registro,settings_edition_request.py,<module>,"24 criadas, última edição: 14206"
2026-06-05,17:24:40,Registro,settings_edition_request.py,<module>,"24 criadas, última edição: 14206"
2026-06-05,17:25:04,Registro,settings_edition_request.py,<module>,"24 criadas, última edição: 14206"
2026-06-05,17:25:20,Registro,settings_edition_request.py,<module>,"24 criadas, última edição: 14206"
2026-06-05,17:25:37,Registro,settings_edition_request.py,<module>,"24 criadas, última edição: 14206"
2026-06-05,17:42:55,Registro,settings_edition_request.py,<module>,"24 criadas, última edição: 14206"
2026-06-05,17:43:18,Registro,settings_edition_request.py,<module>,"24 criadas, última edição: 14206"
2026-06-05,22:12:17,Registro,settings_edition_request.py,<module>,"24 criadas, última edição: 14206"
2026-06-05,23:38:42,Registro,settings_edition_request.py,<module>,"24 criadas, última edição: 14206"
2026-06-05,23:38:47,Registro,settings_edition_request.py,<module>,"24 criadas, última edição: 14206"
2026-06-06,00:39:07,Registro,settings_edition_request.py,<module>,"24 criadas, última edição: 14206"
2026-06-07,16:13:05,Registro,settings_edition_request.py,<module>,"24 criadas, última edição: 14206"
2026-06-07,16:19:48,Registro,settings_edition_request.py,<module>,"24 criadas, última edição: 14206"
2026-06-07,16:22:31,Registro,settings_edition_request.py,<module>,"24 criadas, última edição: 14206"
2026-06-07,20:17:42,Registro,settings_edition_request.py,<module>,"24 criadas, última edição: 14206"
2026-06-08,22:37:51,Registro,settings_edition_request.py,<module>,"24 criadas, última edição: 14206"
2026-06-09,23:55:05,Registro,settings_edition_request.py,<module>,"24 criadas, última edição: 14206"
2026-06-10,00:24:15,Registro,settings_edition_request.py,<module>,"24 criadas, última edição: 14206"
2026-06-10,00:24:51,Registro,settings_edition_request.py,<module>,"24 criadas, última edição: 14206"
2026-06-10,18:09:58,Registro,settings_edition_request.py,<module>,"24 criadas, última edição: 14206"
2026-06-10,23:18:34,Registro,settings_edition_request.py,<module>,"24 criadas, última edição: 14206"
2026-06-11,15:32:50,Registro,settings_edition_request.py,<module>,"24 criadas, última edição: 14206"
2026-06-11,17:28:04,Registro,settings_edition_request.py,<module>,"24 criadas, última edição: 14206"
2026-06-11,17:29:27,Registro,settings_edition_request.py,<module>,"24 criadas, última edição: 14206"
2026-06-11,17:31:05,Registro,settings_edition_request.py,<module>,"24 criadas, última edição: 14206"
2026-06-11,17:33:58,Registro,settings_edition_request.py,<module>,"24 criadas, última edição: 14206"
2026-06-11,17:35:00,Registro,settings_edition_request.py,<module>,"24 criadas, última edição: 14206"
2026-06-11,19:29:30,Registro,settings_edition_request.py,<module>,"24 criadas, última edição: 14206"
2026-06-11,19:30:13,Registro,settings_edition_request.py,<module>,"24 criadas, última edição: 14206"
2026-06-11,19:30:35,Registro,settings_edition_request.py,<module>,"24 criadas, última edição: 14206"
2026-06-11,19:32:20,Registro,settings_edition_request.py,<module>,"24 criadas, última edição: 14206"
2026-06-11,19:34:39,Registro,settings_edition_request.py,<module>,"24 criadas, última edição: 14206"
2026-06-11,19:36:00,Registro,settings_edition_request.py,<module>,"24 criadas, última edição: 14206"
2026-06-11,19:38:44,Registro,settings_edition_request.py,<module>,"24 criadas, última edição: 14206"
2026-06-11,19:39:26,Registro,settings_edition_request.py,<module>,"24 criadas, última edição: 14206"
2026-06-11,19:40:04,Registro,settings_edition_request.py,<module>,"24 criadas, última edição: 14206"
2026-06-11,19:41:16,Registro,settings_edition_request.py,<module>,"24 criadas, última edição: 14206"
2026-06-11,19:55:47,Registro,settings_edition_request.py,<module>,"24 criadas, última edição: 14206"
2026-06-11,20:00:26,Registro,settings_edition_request.py,<module>,"24 criadas, última edição: 14206"
2026-06-11,23:29:17,Registro,settings_edition_request.py,<module>,"24 criadas, última edição: 14206"
2026-06-12,16:18:00,Registro,settings_edition_request.py,<module>,"24 criadas, última edição: 14206"
2026-06-12,16:18:57,Registro,settings_edition_request.py,<module>,"24 criadas, última edição: 14206"
2026-06-12,17:26:51,Registro,settings_edition_request.py,<module>,"24 criadas, última edição: 14206"
2026-06-12,17:30:46,Registro,settings_edition_request.py,<module>,"24 criadas, última edição: 14206"
2026-06-12,23:35:20,Registro,settings_edition_request.py,<module>,"24 criadas, última edição: 14206"
2026-06-12,23:35:26,Registro,settings_edition_request.py,<module>,"24 criadas, última edição: 14206"
2026-06-14,20:12:25,Registro,settings_edition_request.py,<module>,"24 criadas, última edição: 14206"
2026-06-14,21:05:56,Registro,settings_edition_request.py,<module>,"24 criadas, última edição: 14206"
2026-06-14,21:14:23,Registro,settings_edition_request.py,<module>,"24 criadas, última edição: 14206"
2026-06-14,22:27:14,Registro,settings_edition_request.py,<module>,"24 criadas, última edição: 14206"
2026-06-14,22:30:14,Registro,settings_edition_request.py,<module>,"24 criadas, última edição: 14206"
2026-06-14,22:32:36,Registro,settings_edition_request.py,<module>,"24 criadas, última edição: 14206"
2026-06-14,22:33:10,Registro,settings_edition_request.py,<module>,"24 criadas, última edição: 14206"
2026-06-15,18:43:30,Registro,settings_edition_request.py,<module>,"24 criadas, última edição: 14206"
2026-06-15,23:03:50,Registro,settings_edition_request.py,<module>,"24 criadas, última edição: 14206"
2026-06-16,18:11:20,Registro,settings_edition_request.py,<module>,"24 criadas, última edição: 14206"
2026-06-17,17:44:57,Registro,settings_edition_request.py,<module>,"24 criadas, última edição: 14206"
2026-06-17,17:45:26,Registro,settings_edition_request.py,<module>,"24 criadas, última edição: 14206"
2026-06-17,17:46:01,Registro,settings_edition_request.py,<module>,"24 criadas, última edição: 14206"
2026-06-17,23:36:05,Registro,settings_edition_request.py,<module>,"24 criadas, última edição: 14206"
2026-06-18,23:42:01,Registro,settings_edition_request.py,<module>,"24 criadas, última edição: 14206"
2026-06-19,00:28:26,Registro,settings_edition_request.py,<module>,"24 criadas, última edição: 14206"
2026-06-19,00:29:05,Registro,settings_edition_request.py,<module>,"24 criadas, última edição: 14206"
2026-06-19,15:12:28,Registro,settings_edition_request.py,<module>,"24 criadas, última edição: 14206"
2026-06-19,22:33:27,Registro,settings_edition_request.py,<module>,"24 criadas, última edição: 14206"
2026-06-19,23:03:00,Registro,settings_edition_request.py,<module>,"24 criadas, última edição: 14206"
2026-06-19,23:06:44,Registro,settings_edition_request.py,<module>,"24 criadas, última edição: 14206"
2026-06-20,02:56:18,Registro,settings_edition_request.py,<module>,"24 criadas, última edição: 14206"
2026-06-20,02:56:31,Registro,settings_edition_request.py,<module>,"24 criadas, última edição: 14206"
2026-06-21,17:55:48,Registro,settings_edition_request.py,<module>,"24 criadas, última edição: 14206"
2026-06-21,20:17:05,Registro,settings_edition_request.py,<module>,"24 criadas, última edição: 14206"
2026-06-22,17:04:43,Registro,settings_edition_request.py,<module>,"24 criadas, última edição: 14206"
2026-06-22,22:20:12,Registro,settings_edition_request.py,<module>,"24 criadas, última edição: 14206"
2026-06-22,23:09:01,Registro,settings_edition_request.py,<module>,"24 criadas, última edição: 14206"
2026-06-23,16:37:35,Registro,settings_edition_request.py,<module>,"24 criadas, última edição: 14206"
2026-06-23,16:37:57,Registro,settings_edition_request.py,<module>,"24 criadas, última edição: 14206"
2026-06-23,16:38:10,Registro,settings_edition_request.py,<module>,"24 criadas, última edição: 14206"
2026-06-23,16:38:40,Registro,settings_edition_request.py,<module>,"24 criadas, última edição: 14206"
2026-06-23,16:39:46,Registro,settings_edition_request.py,<module>,"24 criadas, última edição: 14206"
2026-06-23,16:40:00,Registro,settings_edition_request.py,<module>,"24 criadas, última edição: 14206"
2026-06-23,16:48:41,Registro,settings_edition_request.py,<module>,"24 criadas, última edição: 14206"
2026-06-23,16:51:33,Registro,settings_edition_request.py,<module>,"24 criadas, última edição: 14206"
2026-06-23,16:53:11,Registro,settings_edition_request.py,<module>,"24 criadas, última edição: 14206"
2026-06-23,17:04:10,Registro,settings_edition_request.py,<module>,"24 criadas, última edição: 14206"
2026-06-23,23:30:07,Registro,settings_edition_request.py,<module>,"24 criadas, última edição: 14206"
2026-06-23,23:30:25,Registro,settings_edition_request.py,<module>,"24 criadas, última edição: 14206"
2026-06-24,23:08:40,Registro,settings_edition_request.py,<module>,"24 criadas, última edição: 14206"
2026-06-25,16:49:55,Registro,settings_edition_request.py,<module>,"24 criadas, última edição: 14206"
2026-06-25,21:55:44,Registro,settings_edition_request.py,<module>,"24 criadas, última edição: 14206"
2026-06-25,21:57:09,Registro,settings_edition_request.py,<module>,"24 criadas, última edição: 14206"
2026-06-25,23:07:13,Registro,settings_edition_request.py,<module>,"24 criadas, última edição: 14206"
2026-06-25,23:20:37,Registro,settings_edition_request.py,<module>,"24 criadas, última edição: 14206"
2026-06-25,23:22:09,Registro,settings_edition_request.py,<module>,"24 criadas, última edição: 14206"
2026-06-26,19:10:52,Registro,settings_edition_request.py,<module>,"24 criadas, última edição: 14206"
2026-06-26,23:17:44,Registro,settings_edition_request.py,<module>,"24 criadas, última edição: 14206"
2026-06-26,23:18:03,Registro,settings_edition_request.py,<module>,"24 criadas, última edição: 14206"
2026-06-27,02:53:29,Registro,settings_edition_request.py,<module>,"24 criadas, última edição: 14206"
2026-06-28,16:48:46,Registro,settings_edition_request.py,<module>,"24 criadas, última edição: 14206"
2026-06-28,20:59:57,Registro,settings_edition_request.py,<module>,"24 criadas, última edição: 14206"
2026-06-29,18:16:15,Registro,settings_edition_request.py,<module>,"24 criadas, última edição: 14206"
2026-06-29,23:20:05,Registro,settings_edition_request.py,<module>,"24 criadas, última edição: 14206"
2026-06-30,22:08:44,Registro,settings_edition_request.py,<module>,"24 criadas, última edição: 14206"
2026-07-01,22:22:00,Registro,settings_edition_request.py,<module>,"24 criadas, última edição: 14206"
2026-07-01,22:22:03,Registro,settings_edition_request.py,<module>,"24 criadas, última edição: 14206"
2026-07-01,23:49:35,Registro,settings_edition_request.py,<module>,"24 criadas, última edição: 14206"
2026-07-01,23:49:56,Registro,settings_edition_request.py,<module>,"24 criadas, última edição: 14206"
2026-07-02,18:45:20,Registro,settings_edition_request.py,<module>,"24 criadas, última edição: 14206"
2026-07-02,18:49:09,Registro,settings_edition_request.py,<module>,"24 criadas, última edição: 14206"
2026-07-02,18:53:21,Registro,settings_edition_request.py,<module>,"24 criadas, última edição: 14206"
2026-07-02,23:15:39,Registro,settings_edition_request.py,<module>,"24 criadas, última edição: 14206"
2026-07-03,20:45:54,Registro,settings_edition_request.py,<module>,"24 criadas, última edição: 14206"
2026-07-03,22:27:52,Registro,settings_edition_request.py,<module>,"24 criadas, última edição: 14206"
2026-07-03,23:38:21,Registro,settings_edition_request.py,<module>,"24 criadas, última edição: 14206"
2026-07-05,21:27:01,Registro,settings_edition_request.py,<module>,"24 criadas, última edição: 14206"
2026-07-05,21:27:18,Registro,settings_edition_request.py,<module>,"24 criadas, última edição: 14206"
2026-07-05,21:27:25,Registro,settings_edition_request.py,<module>,"24 criadas, última edição: 14206"
2026-07-06,23:32:57,Registro,settings_edition_request.py,<module>,"24 criadas, última edição: 14206"
2026-07-07,00:36:46,Registro,settings_edition_request.py,<module>,"24 criadas, última edição: 14206"
2026-07-07,00:36:54,Registro,settings_edition_request.py,<module>,"24 criadas, última edição: 14206"
2026-07-07,23:32:51,Registro,settings_edition_request.py,<module>,"24 criadas, última edição: 14206"
2026-07-08,23:10:13,Registro,settings_edition_request.py,<module>,"24 criadas, última edição: 14206"
2026-07-09,22:37:35,Registro,settings_edition_request.py,<module>,"24 criadas, última edição: 14206"
2026-07-10,22:55:25,Registro,settings_edition_request.py,<module>,"24 criadas, última edição: 14206"
2026-07-12,20:51:24,Registro,settings_edition_request.py,<module>,"24 criadas, última edição: 14206"
2026-07-13,22:41:24,Registro,settings_edition_request.py,<module>,"24 criadas, última edição: 14206"
2026-07-14,23:20:49,Registro,settings_edition_request.py,<module>,"24 criadas, última edição: 14206"
2026-07-15,22:55:15,Registro,settings_edition_request.py,<module>,"24 criadas, última edição: 14206"
2026-07-16,15:01:58,Registro,settings_edition_request.py,<module>,"24 criadas, última edição: 14206"
2026-07-16,15:05:12,Registro,settings_edition_request.py,<module>,"24 criadas, última edição: 14206"
