data,hora,status,mensagem
 2025-11-27, 17:39:47,Registro,"60 criadas, última edição: 7025"
 2025-11-27, 21:15:01,Registro,"60 criadas, última edição: 7025"
 2025-11-27, 22:17:11,Registro,"60 criadas, última edição: 7025"
 2025-11-27, 22:17:13,Registro,"60 criadas, última edição: 7025"
 2025-11-27, 22:17:14,Registro,"60 criadas, última edição: 7025"
 2025-11-27, 22:17:14,Registro,"60 criadas, última edição: 7025"
 2025-11-27, 22:17:15,Registro,"60 criadas, última edição: 7025"
 2025-11-27, 22:17:16,Registro,"60 criadas, última edição: 7025"
 2025-11-27, 22:17:40,Registro,"80 criadas, última edição: 7045"
 2025-11-27, 23:00:34,Registro,"60 criadas, última edição: 7025"
 2025-11-27, 23:03:49,Registro,"60 criadas, última edição: 7025"
 2025-11-27, 23:03:55,Registro,"60 criadas, última edição: 7025"
 2025-11-27, 23:05:03,Registro,"60 criadas, última edição: 7025"
 2025-11-27, 23:07:21,Registro,"60 criadas, última edição: 7025"
 2025-11-27, 23:09:13,Registro,"60 criadas, última edição: 7025"
 2025-11-27, 23:11:17,Registro,"60 criadas, última edição: 7025"
 2025-11-28, 16:39:21,Registro,"60 criadas, última edição: 7025"
 2025-11-28, 16:39:39,Registro,"60 criadas, última edição: 7025"
 2025-11-28, 16:40:22,Registro,"60 criadas, última edição: 7025"
 2025-11-28, 16:41:27,Registro,"60 criadas, última edição: 7025"
 2025-11-28, 16:41:30,Registro,"60 criadas, última edição: 7025"
 2025-11-28, 16:41:39,Registro,"60 criadas, última edição: 7025"
 2025-11-28, 16:41:52,Registro,"60 criadas, última edição: 7025"
 2025-11-28, 16:42:27,Registro,"60 criadas, última edição: 7025"
 2025-11-28, 16:42:39,Registro,"60 criadas, última edição: 7025"
 2025-11-28, 16:42:50,Registro,"60 criadas, última edição: 7025"
 2025-11-28, 16:42:57,Registro,"60 criadas, última edição: 7025"
 2025-11-28, 16:43:23,Registro,"60 criadas, última edição: 7025"
 2025-11-28, 16:43:51,Registro,"60 criadas, última edição: 7025"
 2025-11-28, 16:44:25,Registro,"60 criadas, última edição: 7025"
 2025-11-28, 16:45:11,Registro,"60 criadas, última edição: 7025"
 2025-11-28, 16:45:20,Registro,"60 criadas, última edição: 7025"
 2025-11-28, 16:45:35,Registro,"60 criadas, última edição: 7025"
 2025-11-28, 16:50:15,Registro,"60 criadas, última edição: 8061"
 2025-11-28, 16:50:32,Registro,"60 criadas, última edição: 8061"
 2025-11-28, 16:50:52,Registro,"60 criadas, última edição: 8061"
 2025-11-28, 16:51:55,Registro,"60 criadas, última edição: 8061"
 2025-11-28, 16:53:13,Registro,"60 criadas, última edição: 8061"
 2025-11-28, 16:53:18,Registro,"60 criadas, última edição: 8061"
 2025-11-28, 16:55:02,Registro,"60 criadas, última edição: 8061"
 2025-11-28, 17:02:41,Registro,"6 criadas, última edição: 8007"
 2025-11-28, 17:31:06,Registro,"6 criadas, última edição: 8007"
 2025-11-28, 17:31:25,Registro,"6 criadas, última edição: 8007"
 2025-11-28, 17:33:56,Registro,"6 criadas, última edição: 8007"
 2025-11-28, 17:34:04,Registro,"6 criadas, última edição: 8007"
 2025-11-28, 17:34:22,Registro,"6 criadas, última edição: 8007"
 2025-11-28, 17:34:37,Registro,"6 criadas, última edição: 8007"
 2025-11-28, 17:34:46,Registro,"6 criadas, última edição: 8007"
 2025-11-28, 17:48:07,Registro,"6 criadas, última edição: 8007"
 2025-11-28, 17:48:57,Registro,"6 criadas, última edição: 8007"
 2025-11-28, 17:49:36,Registro,"6 criadas, última edição: 8007"
 2025-11-28, 17:49:39,Registro,"6 criadas, última edição: 8007"
 2025-11-28, 17:49:50,Registro,"6 criadas, última edição: 8007"
 2025-11-28, 17:50:22,Registro,"6 criadas, última edição: 8007"
 2025-11-28, 17:51:31,Registro,"6 criadas, última edição: 8007"
 2025-12-03, 22:40:19,Registro,"6 criadas, última edição: 8007"
 2025-12-03, 22:43:45,Registro,"6 criadas, última edição: 8007"
 2025-12-04, 23:02:04,Registro,"6 criadas, última edição: 8007"
 2025-12-04, 23:04:08,Registro,"6 criadas, última edição: 8007"
 2025-12-04, 23:06:09,Registro,"6 criadas, última edição: 8007"
 2025-12-07, 20:39:38,Registro,"6 criadas, última edição: 8007"
 2025-12-07, 20:40:10,Registro,"6 criadas, última edição: 8007"
 2025-12-07, 20:41:02,Registro,"6 criadas, última edição: 8007"
 2025-12-07, 20:42:21,Registro,"6 criadas, última edição: 8007"
 2025-12-07, 20:43:16,Registro,"6 criadas, última edição: 8007"
 2025-12-07, 20:44:17,Registro,"6 criadas, última edição: 8007"
 2025-12-07, 20:46:00,Registro,"6 criadas, última edição: 8007"
 2025-12-07, 20:47:36,Registro,"6 criadas, última edição: 8007"
 2025-12-07, 20:47:53,Registro,"6 criadas, última edição: 8007"
 2025-12-07, 20:48:23,Registro,"6 criadas, última edição: 8007"
 2025-12-07, 20:48:58,Registro,"6 criadas, última edição: 8007"
 2025-12-07, 20:50:11,Registro,"6 criadas, última edição: 8007"
 2025-12-07, 20:50:32,Registro,"6 criadas, última edição: 8007"
 2025-12-07, 20:50:52,Registro,"6 criadas, última edição: 8007"
 2025-12-07, 20:52:12,Registro,"6 criadas, última edição: 8007"
 2025-12-07, 20:54:04,Registro,"6 criadas, última edição: 8007"
 2025-12-07, 20:57:49,Registro,"6 criadas, última edição: 8007"
 2025-12-07, 20:57:54,Registro,"6 criadas, última edição: 8007"
 2025-12-07, 20:58:01,Registro,"6 criadas, última edição: 8007"
 2025-12-07, 20:58:24,Registro,"6 criadas, última edição: 8007"
 2025-12-07, 20:59:53,Registro,"6 criadas, última edição: 8007"
 2025-12-07, 21:01:08,Registro,"6 criadas, última edição: 8007"
 2025-12-15, 18:25:04,Registro,"6 criadas, última edição: 8007"
 2025-12-15, 18:58:52,Registro,"6 criadas, última edição: 8007"
 2025-12-15, 21:37:43,Registro,"6 criadas, última edição: 8007"
 2025-12-15, 21:38:55,Registro,"6 criadas, última edição: 8007"
 2025-12-15, 21:40:25,Registro,"6 criadas, última edição: 8007"
 2025-12-15, 21:40:47,Registro,"6 criadas, última edição: 8007"
 2025-12-15, 21:41:37,Registro,"6 criadas, última edição: 8007"
 2025-12-15, 21:41:59,Registro,"6 criadas, última edição: 8007"
 2025-12-15, 21:43:53,Registro,"6 criadas, última edição: 8007"
 2025-12-15, 21:46:09,Registro,"6 criadas, última edição: 8007"
 2025-12-15, 21:46:40,Registro,"6 criadas, última edição: 8007"
 2025-12-15, 21:54:23,Registro,"6 criadas, última edição: 8007"
 2025-12-15, 21:58:13,Registro,"6 criadas, última edição: 8007"
 2025-12-15, 21:58:33,Registro,"6 criadas, última edição: 8007"
 2025-12-17, 21:47:02,Registro,"6 criadas, última edição: 8007"
 2025-12-17, 21:48:30,Registro,"6 criadas, última edição: 8007"
 2025-12-17, 21:57:15,Registro,"6 criadas, última edição: 8007"
 2025-12-17, 22:01:15,Registro,"6 criadas, última edição: 8007"
 2025-12-17, 22:06:15,Registro,"6 criadas, última edição: 8007"
 2025-12-22, 22:09:40,Registro,"6 criadas, última edição: 8007"
 2025-12-22, 22:11:50,Registro,"6 criadas, última edição: 8007"
 2025-12-22, 22:11:56,Registro,"6 criadas, última edição: 8007"
 2025-12-22, 22:12:05,Registro,"6 criadas, última edição: 8007"
 2025-12-22, 22:12:28,Registro,"6 criadas, última edição: 8007"
 2025-12-22, 22:12:46,Registro,"6 criadas, última edição: 8007"
 2025-12-22, 22:12:59,Registro,"6 criadas, última edição: 8007"
 2025-12-22, 22:16:16,Registro,"6 criadas, última edição: 8007"
 2025-12-22, 22:18:57,Registro,"6 criadas, última edição: 8007"
 2025-12-22, 22:27:07,Registro,"6 criadas, última edição: 8007"
 2025-12-22, 22:27:42,Registro,"6 criadas, última edição: 8007"
 2025-12-22, 22:27:59,Registro,"6 criadas, última edição: 8007"
 2025-12-22, 22:29:03,Registro,"6 criadas, última edição: 8007"
 2025-12-22, 22:29:17,Registro,"6 criadas, última edição: 8007"
 2025-12-22, 22:30:41,Registro,"6 criadas, última edição: 8007"
 2025-12-22, 22:30:50,Registro,"6 criadas, última edição: 8007"
 2025-12-30, 20:20:11,Registro,"6 criadas, última edição: 8007"
 2025-12-30, 20:22:42,Registro,"6 criadas, última edição: 8007"
 2025-12-30, 20:25:13,Registro,"6 criadas, última edição: 8007"
 2025-12-30, 20:25:26,Registro,"6 criadas, última edição: 8007"
 2025-12-30, 20:25:54,Registro,"6 criadas, última edição: 8007"
 2025-12-30, 20:34:44,Registro,"6 criadas, última edição: 8007"
 2025-12-30, 20:34:51,Registro,"6 criadas, última edição: 8007"
 2025-12-30, 20:34:55,Registro,"6 criadas, última edição: 8007"
 2025-12-30, 20:35:25,Registro,"6 criadas, última edição: 8007"
 2025-12-30, 20:35:35,Registro,"6 criadas, última edição: 8007"
 2025-12-30, 20:36:17,Registro,"6 criadas, última edição: 8007"
 2025-12-30, 20:36:27,Registro,"6 criadas, última edição: 8007"
 2025-12-30, 20:36:33,Registro,"6 criadas, última edição: 8007"
 2025-12-30, 20:36:47,Registro,"6 criadas, última edição: 8007"
 2025-12-30, 20:36:54,Registro,"6 criadas, última edição: 8007"
 2025-12-30, 20:37:33,Registro,"6 criadas, última edição: 8007"
 2025-12-30, 20:37:58,Registro,"6 criadas, última edição: 8007"
 2025-12-30, 20:40:10,Registro,"6 criadas, última edição: 8007"
 2025-12-30, 20:42:01,Registro,"6 criadas, última edição: 8007"
 2025-12-30, 20:42:27,Registro,"6 criadas, última edição: 8007"
 2025-12-30, 20:43:20,Registro,"6 criadas, última edição: 8007"
 2025-12-30, 20:45:32,Registro,"6 criadas, última edição: 8007"
 2025-12-30, 20:48:12,Registro,"6 criadas, última edição: 8007"
 2025-12-30, 20:48:32,Registro,"6 criadas, última edição: 8007"
 2025-12-30, 20:48:59,Registro,"6 criadas, última edição: 8007"
 2025-12-30, 20:49:36,Registro,"6 criadas, última edição: 8007"
 2025-12-30, 20:52:46,Registro,"6 criadas, última edição: 8007"
 2025-12-30, 20:55:30,Registro,"6 criadas, última edição: 8007"
 2025-12-30, 20:56:01,Registro,"6 criadas, última edição: 8007"
 2025-12-30, 20:57:15,Registro,"6 criadas, última edição: 8007"
 2025-12-30, 21:04:37,Registro,"6 criadas, última edição: 8007"
 2025-12-30, 21:20:40,Registro,"6 criadas, última edição: 8007"
 2026-01-01, 18:33:05,Registro,"6 criadas, última edição: 8007"
 2026-01-05, 15:52:35,Registro,"6 criadas, última edição: 8007"
 2026-01-05, 16:05:13,Registro,"6 criadas, última edição: 8007"
 2026-01-05, 16:05:47,Registro,"6 criadas, última edição: 8007"
 2026-01-05, 16:06:04,Registro,"6 criadas, última edição: 8007"
 2026-01-05, 16:07:13,Registro,"6 criadas, última edição: 8007"
 2026-01-05, 16:07:51,Registro,"6 criadas, última edição: 8007"
 2026-01-05, 16:08:19,Registro,"6 criadas, última edição: 8007"
 2026-01-05, 16:12:18,Registro,"6 criadas, última edição: 8007"
 2026-01-05, 16:12:29,Registro,"6 criadas, última edição: 8007"
 2026-01-05, 16:12:36,Registro,"6 criadas, última edição: 8007"
 2026-01-05, 16:12:47,Registro,"6 criadas, última edição: 8007"
 2026-01-05, 16:14:41,Registro,"6 criadas, última edição: 6992"
 2026-01-05, 16:15:21,Registro,"48 criadas, última edição: 7034"
 2026-01-05, 17:46:52,Registro,"48 criadas, última edição: 7034"
 2026-01-05, 17:47:13,Registro,"48 criadas, última edição: 7034"
 2026-01-05, 17:53:33,Registro,"6 criadas, última edição: 8007"
 2026-01-05, 17:54:42,Registro,"6 criadas, última edição: 8007"
 2026-01-05, 17:55:34,Registro,"6 criadas, última edição: 8007"
 2026-01-05, 17:59:23,Registro,"6 criadas, última edição: 8007"
 2026-01-06, 15:32:40,Registro,"6 criadas, última edição: 8007"
 2026-01-06, 16:00:05,Registro,"6 criadas, última edição: 8007"
 2026-01-06, 16:02:38,Registro,"6 criadas, última edição: 8007"
 2026-01-06, 16:08:41,Registro,"6 criadas, última edição: 8007"
 2026-01-06, 16:22:18,Registro,"6 criadas, última edição: 8014"
 2026-01-06, 16:23:37,Registro,"6 criadas, última edição: 8014"
 2026-01-06, 16:34:34,Registro,"6 criadas, última edição: 8014"
 2026-01-06, 16:51:55,Registro,"6 criadas, última edição: 8021"
 2026-01-06, 16:53:24,Registro,"6 criadas, última edição: 8021"
 2026-01-06, 17:16:56,Registro,"6 criadas, última edição: 8021"
 2026-01-06, 17:18:36,Registro,"6 criadas, última edição: 8021"
 2026-01-06, 17:18:54,ERRO,"Erro ao criar pasta: PyAutoGUI fail-safe triggered from mouse moving to a corner of the screen. To disable this fail-safe, set pyautogui.FAILSAFE to False. DISABLING FAIL-SAFE IS NOT RECOMMENDED."
 2026-01-06, 17:18:57,ERRO,"Erro ao criar pasta: PyAutoGUI fail-safe triggered from mouse moving to a corner of the screen. To disable this fail-safe, set pyautogui.FAILSAFE to False. DISABLING FAIL-SAFE IS NOT RECOMMENDED."
 2026-01-06, 17:19:00,ERRO,"Erro ao criar pasta: PyAutoGUI fail-safe triggered from mouse moving to a corner of the screen. To disable this fail-safe, set pyautogui.FAILSAFE to False. DISABLING FAIL-SAFE IS NOT RECOMMENDED."
 2026-01-06, 17:19:02,ERRO,"Erro ao criar pasta: PyAutoGUI fail-safe triggered from mouse moving to a corner of the screen. To disable this fail-safe, set pyautogui.FAILSAFE to False. DISABLING FAIL-SAFE IS NOT RECOMMENDED."
 2026-01-06, 17:19:05,ERRO,"Erro ao criar pasta: PyAutoGUI fail-safe triggered from mouse moving to a corner of the screen. To disable this fail-safe, set pyautogui.FAILSAFE to False. DISABLING FAIL-SAFE IS NOT RECOMMENDED."
 2026-01-06, 17:22:49,Registro,"6 criadas, última edição: 8021"
 2026-01-06, 17:25:01,Registro,"6 criadas, última edição: 8021"
 2026-01-07, 16:05:25,Registro,"6 criadas, última edição: 7020"
 2026-01-07, 19:27:17,Registro,"6 criadas, última edição: 7020"
 2026-01-07, 19:27:55,Registro,"6 criadas, última edição: 7020"
 2026-01-07, 19:28:27,Registro,"6 criadas, última edição: 7020"
 2026-01-07, 19:28:41,Registro,"6 criadas, última edição: 7020"
 2026-01-07, 19:28:51,Registro,"6 criadas, última edição: 7020"
 2026-01-07, 19:30:15,Registro,"6 criadas, última edição: 7020"
 2026-01-07, 19:30:43,Registro,"6 criadas, última edição: 7020"
 2026-01-07, 19:30:50,Registro,"6 criadas, última edição: 7020"
 2026-01-07, 19:35:07,Registro,"6 criadas, última edição: 7020"
 2026-01-07, 19:35:18,Registro,"6 criadas, última edição: 7020"
 2026-01-07, 19:36:22,Registro,"6 criadas, última edição: 7020"
 2026-01-07, 19:37:07,Registro,"6 criadas, última edição: 7020"
 2026-01-07, 19:37:27,Registro,"6 criadas, última edição: 7020"
 2026-01-07, 19:37:35,Registro,"6 criadas, última edição: 7020"
 2026-01-07, 19:37:52,Registro,"6 criadas, última edição: 7020"
 2026-01-08, 15:34:45,Registro,"6 criadas, última edição: 7020"
 2026-01-08, 16:23:46,Registro,"6 criadas, última edição: 7020"
 2026-01-08, 16:24:02,Registro,"6 criadas, última edição: 7020"
 2026-01-08, 16:24:08,Registro,"6 criadas, última edição: 7020"
 2026-01-08, 16:24:12,Registro,"6 criadas, última edição: 7020"
 2026-01-08, 16:24:32,Registro,"6 criadas, última edição: 7020"
 2026-01-08, 16:25:10,Registro,"6 criadas, última edição: 7020"
 2026-01-08, 16:25:19,Registro,"6 criadas, última edição: 7020"
 2026-01-08, 16:26:39,Registro,"6 criadas, última edição: 7020"
 2026-01-08, 16:26:51,Registro,"6 criadas, última edição: 7020"
 2026-01-08, 16:26:56,Registro,"6 criadas, última edição: 7020"
 2026-01-08, 16:29:58,Registro,"6 criadas, última edição: 7020"
 2026-01-08, 16:31:13,Registro,"6 criadas, última edição: 7020"
 2026-01-08, 16:34:30,Registro,"6 criadas, última edição: 7020"
 2026-01-08, 16:34:53,Registro,"6 criadas, última edição: 7020"
 2026-01-08, 16:34:58,Registro,"6 criadas, última edição: 7020"
 2026-01-08, 16:35:08,Registro,"6 criadas, última edição: 7020"
 2026-01-08, 16:37:23,Registro,"6 criadas, última edição: 7020"
 2026-01-08, 16:38:56,Registro,"6 criadas, última edição: 7020"
 2026-01-08, 16:39:01,Registro,"6 criadas, última edição: 7020"
 2026-01-08, 16:39:07,Registro,"6 criadas, última edição: 7020"
 2026-01-08, 16:39:12,Registro,"6 criadas, última edição: 7020"
 2026-01-08, 16:43:13,Registro,"6 criadas, última edição: 7020"
 2026-01-08, 16:43:49,Registro,"6 criadas, última edição: 7020"
 2026-01-08, 16:44:16,Registro,"6 criadas, última edição: 7020"
 2026-01-08, 16:44:28,Registro,"6 criadas, última edição: 7020"
 2026-01-08, 16:45:00,Registro,"6 criadas, última edição: 7020"
 2026-01-08, 16:47:33,Registro,"6 criadas, última edição: 7020"
 2026-01-08, 16:48:05,Registro,"6 criadas, última edição: 7020"
 2026-01-08, 16:49:17,Registro,"6 criadas, última edição: 7020"
 2026-01-08, 16:49:45,Registro,"6 criadas, última edição: 7020"
 2026-01-08, 16:50:39,Registro,"6 criadas, última edição: 7020"
 2026-01-08, 17:33:20,Registro,"6 criadas, última edição: 7020"
 2026-01-08, 17:33:21,ERRO,"Erro ao criar pasta: PyAutoGUI fail-safe triggered from mouse moving to a corner of the screen. To disable this fail-safe, set pyautogui.FAILSAFE to False. DISABLING FAIL-SAFE IS NOT RECOMMENDED."
 2026-01-08, 17:33:51,Registro,"6 criadas, última edição: 7020"
 2026-01-08, 17:33:53,ERRO,"Erro ao criar pasta: PyAutoGUI fail-safe triggered from mouse moving to a corner of the screen. To disable this fail-safe, set pyautogui.FAILSAFE to False. DISABLING FAIL-SAFE IS NOT RECOMMENDED."
 2026-01-08, 17:34:18,Registro,"6 criadas, última edição: 7020"
 2026-01-08, 17:34:38,ERRO,"Erro ao criar pasta: PyAutoGUI fail-safe triggered from mouse moving to a corner of the screen. To disable this fail-safe, set pyautogui.FAILSAFE to False. DISABLING FAIL-SAFE IS NOT RECOMMENDED."
 2026-01-08, 17:38:29,Registro,"6 criadas, última edição: 7020"
 2026-01-08, 17:38:39,Registro,"6 criadas, última edição: 7020"
 2026-01-08, 17:39:12,Registro,"6 criadas, última edição: 7020"
 2026-01-08, 17:42:00,Registro,"6 criadas, última edição: 7020"
 2026-01-08, 17:42:11,Registro,"6 criadas, última edição: 7020"
 2026-01-08, 17:42:23,Registro,"6 criadas, última edição: 7020"
 2026-01-08, 17:42:37,Registro,"6 criadas, última edição: 7020"
 2026-01-08, 17:42:42,Registro,"6 criadas, última edição: 7020"
 2026-01-08, 17:43:02,Registro,"6 criadas, última edição: 7020"
 2026-01-08, 17:43:47,Registro,"6 criadas, última edição: 7020"
 2026-01-08, 17:43:59,Registro,"6 criadas, última edição: 7020"
 2026-01-08, 17:44:07,Registro,"6 criadas, última edição: 7020"
 2026-01-08, 17:52:33,Registro,"6 criadas, última edição: 7020"
 2026-01-08, 17:53:27,ERRO,Erro ao criar pasta: time.sleep() takes exactly one argument (0 given)
 2026-01-08, 17:59:08,Registro,"6 criadas, última edição: 7020"
 2026-01-08, 17:59:38,Registro,"6 criadas, última edição: 7020"
 2026-01-08, 17:59:56,Registro,"6 criadas, última edição: 7020"
 2026-01-08, 18:00:24,Registro,"6 criadas, última edição: 7020"
 2026-01-08, 18:00:32,Registro,"6 criadas, última edição: 7020"
 2026-01-08, 18:00:50,Registro,"6 criadas, última edição: 7020"
 2026-01-08, 22:37:51,Registro,"6 criadas, última edição: 7020"
 2026-01-08, 22:37:55,Registro,"6 criadas, última edição: 7020"
 2026-01-08, 22:39:40,Registro,"6 criadas, última edição: 7020"
 2026-01-08, 22:42:44,Registro,"6 criadas, última edição: 7020"
 2026-01-08, 22:45:21,Registro,"6 criadas, última edição: 7020"
 2026-01-08, 22:46:42,Registro,"6 criadas, última edição: 7020"
 2026-01-08, 22:59:21,Registro,"6 criadas, última edição: 7020"
 2026-01-09, 15:14:44,Registro,"6 criadas, última edição: 7020"
 2026-01-09, 15:15:53,Registro,"6 criadas, última edição: 7020"
 2026-01-09, 15:15:59,Registro,"6 criadas, última edição: 7020"
 2026-01-09, 15:18:34,Registro,"6 criadas, última edição: 7020"
 2026-01-09, 15:18:36,ERRO,"Erro ao criar pasta: PyAutoGUI fail-safe triggered from mouse moving to a corner of the screen. To disable this fail-safe, set pyautogui.FAILSAFE to False. DISABLING FAIL-SAFE IS NOT RECOMMENDED."
 2026-01-09, 15:18:53,Registro,"6 criadas, última edição: 7020"
 2026-01-09, 15:19:46,Registro,"6 criadas, última edição: 7020"
 2026-01-09, 15:20:01,Registro,"6 criadas, última edição: 7020"
 2026-01-09, 15:20:11,Registro,"6 criadas, última edição: 7020"
 2026-01-09, 15:20:30,Registro,"6 criadas, última edição: 7020"
 2026-01-09, 15:20:41,Registro,"6 criadas, última edição: 7020"
 2026-01-09, 15:21:04,Registro,"6 criadas, última edição: 7020"
 2026-01-09, 15:21:12,Registro,"6 criadas, última edição: 7020"
 2026-01-09, 15:21:39,Registro,"6 criadas, última edição: 7020"
 2026-01-09, 15:22:04,Registro,"6 criadas, última edição: 7020"
 2026-01-09, 15:28:01,Registro,"6 criadas, última edição: 7020"
 2026-01-09, 15:28:55,sucesso,Pasta 7014 - Segunda-feira criada
 2026-01-09, 15:32:53,Registro,"6 criadas, última edição: 7020"
 2026-01-09, 15:33:19,Registro,"6 criadas, última edição: 7020"
 2026-01-09, 15:33:36,Registro,"6 criadas, última edição: 7020"
 2026-01-09, 16:32:03,Registro,"6 criadas, última edição: 7020"
 2026-01-09, 16:32:37,Registro,"6 criadas, última edição: 7020"
 2026-01-09, 16:33:03,Registro,"6 criadas, última edição: 7020"
 2026-01-09, 16:33:08,Registro,"6 criadas, última edição: 7020"
 2026-01-09, 16:36:06,Registro,"6 criadas, última edição: 7020"
 2026-01-09, 16:36:13,Registro,"6 criadas, última edição: 7020"
 2026-01-09, 16:36:23,Registro,"6 criadas, última edição: 7020"
 2026-01-09, 17:04:58,Registro,"6 criadas, última edição: 7020"
 2026-01-09, 17:05:07,Registro,"6 criadas, última edição: 7020"
 2026-01-09, 17:06:18,Registro,"6 criadas, última edição: 7020"
 2026-01-09, 17:07:10,Registro,"6 criadas, última edição: 7020"
 2026-01-09, 17:13:23,Registro,"6 criadas, última edição: 7020"
 2026-01-09, 17:14:00,Registro,"6 criadas, última edição: 7020"
 2026-01-09, 17:14:11,Registro,"6 criadas, última edição: 7020"
 2026-01-09, 17:14:26,Registro,"6 criadas, última edição: 7020"
 2026-01-09, 17:14:58,Registro,"6 criadas, última edição: 7020"
 2026-01-09, 17:16:16,Registro,"6 criadas, última edição: 7020"
 2026-01-09, 17:25:44,Registro,"6 criadas, última edição: 7020"
 2026-01-09, 17:26:02,Registro,"6 criadas, última edição: 7020"
 2026-01-09, 17:28:12,Registro,"6 criadas, última edição: 7020"
 2026-01-12, 15:46:50,Registro,"6 criadas, última edição: 7020"
 2026-01-12, 15:47:14,Registro,"6 criadas, última edição: 7020"
 2026-01-12, 15:47:28,Registro,"6 criadas, última edição: 7020"
 2026-01-12, 15:48:50,Registro,"6 criadas, última edição: 7020"
 2026-01-12, 15:55:24,Registro,"6 criadas, última edição: 7020"
 2026-01-12, 15:55:34,Registro,"6 criadas, última edição: 7020"
 2026-01-12, 16:04:13,Registro,"6 criadas, última edição: 7020"
 2026-01-12, 16:04:38,Registro,"6 criadas, última edição: 7020"
 2026-01-12, 16:04:46,Registro,"6 criadas, última edição: 7020"
 2026-01-12, 16:04:55,Registro,"6 criadas, última edição: 7020"
 2026-01-12, 16:05:07,Registro,"6 criadas, última edição: 7020"
 2026-01-12, 16:05:28,Registro,"6 criadas, última edição: 7020"
 2026-01-12, 16:06:34,Registro,"6 criadas, última edição: 7020"
 2026-01-12, 16:06:58,Registro,"6 criadas, última edição: 7020"
 2026-01-12, 16:09:27,Registro,"6 criadas, última edição: 7020"
 2026-01-12, 16:09:32,Registro,"6 criadas, última edição: 7020"
 2026-01-12, 16:09:38,Registro,"6 criadas, última edição: 7020"
 2026-01-12, 16:56:22,Registro,"6 criadas, última edição: 7020"
 2026-01-12, 16:57:22,Registro,"6 criadas, última edição: 7020"
 2026-01-12, 16:58:13,Registro,"6 criadas, última edição: 7020"
 2026-01-12, 16:59:38,Registro,"6 criadas, última edição: 7020"
 2026-01-12, 17:25:48,Registro,"6 criadas, última edição: 7020"
 2026-01-12, 17:54:40,Registro,"6 criadas, última edição: 7020"
 2026-01-12, 17:54:45,Registro,"6 criadas, última edição: 7020"
 2026-01-12, 21:38:17,Registro,"6 criadas, última edição: 7020"
 2026-01-13, 15:35:55,Registro,"6 criadas, última edição: 7020"
 2026-01-13, 15:35:59,Registro,"6 criadas, última edição: 7020"
 2026-01-13, 15:36:40,Registro,"6 criadas, última edição: 7020"
 2026-01-13, 15:38:00,Registro,"6 criadas, última edição: 7020"
 2026-01-13, 16:02:23,Registro,"6 criadas, última edição: 7020"
 2026-01-13, 16:30:11,Registro,"6 criadas, última edição: 7027"
 2026-01-13, 16:31:47,Registro,"6 criadas, última edição: 7027"
 2026-01-13, 16:32:41,sucesso,Pasta 7021 - Segunda-feira criada
 2026-01-13, 16:40:30,sucesso,Pasta 7022 - Terça-feira criada
 2026-01-13, 16:46:55,ERRO,"Erro ao criar pasta: PyAutoGUI fail-safe triggered from mouse moving to a corner of the screen. To disable this fail-safe, set pyautogui.FAILSAFE to False. DISABLING FAIL-SAFE IS NOT RECOMMENDED."
 2026-01-13, 16:46:57,ERRO,"Erro ao criar pasta: PyAutoGUI fail-safe triggered from mouse moving to a corner of the screen. To disable this fail-safe, set pyautogui.FAILSAFE to False. DISABLING FAIL-SAFE IS NOT RECOMMENDED."
 2026-01-13, 16:47:53,sucesso,Pasta 7025 - Sexta-feira criada
 2026-01-13, 21:39:56,Registro,"6 criadas, última edição: 7027"
 2026-01-14, 20:47:47,Registro,"6 criadas, última edição: 7027"
 2026-01-14, 20:47:50,Registro,"6 criadas, última edição: 7027"
 2026-01-14, 23:06:50,Registro,"6 criadas, última edição: 7027"
 2026-01-14, 23:07:07,Registro,"6 criadas, última edição: 7027"
 2026-01-14, 23:07:29,Registro,"6 criadas, última edição: 7027"
 2026-01-15, 21:53:13,Registro,"6 criadas, última edição: 7027"
 2026-01-15, 22:16:51,Registro,"6 criadas, última edição: 7027"
 2026-01-15, 22:17:45,sucesso,Pasta 7021 - Segunda-feira criada
 2026-01-15, 22:25:36,sucesso,Pasta 7022 - Terça-feira criada
 2026-01-15, 22:33:28,sucesso,Pasta 7023 - Quarta-feira criada
 2026-01-15, 22:41:20,sucesso,Pasta 7024 - Quinta-feira criada
 2026-01-15, 22:49:10,sucesso,Pasta 7025 - Sexta-feira criada
 2026-01-15, 22:57:01,sucesso,Pasta 7026-7 - Fim de semana criada
 2026-01-16, 17:20:29,Registro,"6 criadas, última edição: 7027"
 2026-01-16, 17:20:57,Registro,"6 criadas, última edição: 7027"
 2026-01-16, 17:21:32,Registro,"6 criadas, última edição: 7027"
 2026-01-16, 17:22:27,Registro,"6 criadas, última edição: 7027"
 2026-01-16, 17:25:23,Registro,"6 criadas, última edição: 7027"
 2026-01-16, 17:25:52,Registro,"6 criadas, última edição: 7027"
 2026-01-16, 22:21:04,Registro,"6 criadas, última edição: 7027"
 2026-01-17, 00:28:21,Registro,"90 criadas, última edição: 7118"
 2026-01-17, 00:29:15,sucesso,Pasta 7028 - Segunda-feira criada
 2026-01-17, 00:37:06,sucesso,Pasta 7029 - Terça-feira criada
 2026-01-17, 00:44:57,sucesso,Pasta 7030 - Quarta-feira criada
 2026-01-17, 00:52:48,sucesso,Pasta 7031 - Quinta-feira criada
 2026-01-17, 01:00:39,sucesso,Pasta 7032 - Sexta-feira criada
 2026-01-17, 01:08:30,sucesso,Pasta 7033-4 - Fim de semana criada
 2026-01-17, 01:16:22,sucesso,Pasta 7035 - Segunda-feira criada
 2026-01-17, 01:24:13,sucesso,Pasta 7036 - Terça-feira criada
 2026-01-17, 01:32:04,sucesso,Pasta 7037 - Quarta-feira criada
 2026-01-17, 01:39:55,sucesso,Pasta 7038 - Quinta-feira criada
 2026-01-17, 01:47:46,sucesso,Pasta 7039 - Sexta-feira criada
 2026-01-17, 01:55:37,sucesso,Pasta 7040-1 - Fim de semana criada
 2026-01-17, 02:03:28,sucesso,Pasta 7042 - Segunda-feira criada
 2026-01-17, 02:11:19,sucesso,Pasta 7043 - Terça-feira criada
 2026-01-17, 02:19:10,sucesso,Pasta 7044 - Quarta-feira criada
 2026-01-17, 02:27:02,sucesso,Pasta 7045 - Quinta-feira criada
 2026-01-17, 02:34:53,sucesso,Pasta 7046 - Sexta-feira criada
 2026-01-17, 02:42:44,sucesso,Pasta 7047-8 - Fim de semana criada
 2026-01-17, 02:50:36,sucesso,Pasta 7049 - Segunda-feira criada
 2026-01-17, 02:58:27,sucesso,Pasta 7050 - Terça-feira criada
 2026-01-17, 03:06:18,sucesso,Pasta 7051 - Quarta-feira criada
 2026-01-17, 03:14:09,sucesso,Pasta 7052 - Quinta-feira criada
 2026-01-17, 03:22:01,sucesso,Pasta 7053 - Sexta-feira criada
 2026-01-17, 03:29:52,sucesso,Pasta 7054-5 - Fim de semana criada
 2026-01-17, 03:37:44,sucesso,Pasta 7056 - Segunda-feira criada
 2026-01-17, 03:45:35,sucesso,Pasta 7057 - Terça-feira criada
 2026-01-17, 03:53:27,sucesso,Pasta 7058 - Quarta-feira criada
 2026-01-17, 04:01:18,sucesso,Pasta 7059 - Quinta-feira criada
 2026-01-17, 04:09:10,sucesso,Pasta 7060 - Sexta-feira criada
 2026-01-17, 04:17:01,sucesso,Pasta 7061-2 - Fim de semana criada
 2026-01-17, 04:24:53,sucesso,Pasta 7063 - Segunda-feira criada
 2026-01-17, 04:32:45,sucesso,Pasta 7064 - Terça-feira criada
 2026-01-17, 04:40:36,sucesso,Pasta 7065 - Quarta-feira criada
 2026-01-17, 04:48:28,sucesso,Pasta 7066 - Quinta-feira criada
 2026-01-17, 04:56:19,sucesso,Pasta 7067 - Sexta-feira criada
 2026-01-17, 05:04:11,sucesso,Pasta 7068-9 - Fim de semana criada
 2026-01-17, 05:12:03,sucesso,Pasta 7070 - Segunda-feira criada
 2026-01-17, 05:19:55,sucesso,Pasta 7071 - Terça-feira criada
 2026-01-17, 05:27:46,sucesso,Pasta 7072 - Quarta-feira criada
 2026-01-17, 05:35:39,sucesso,Pasta 7073 - Quinta-feira criada
 2026-01-17, 05:43:31,sucesso,Pasta 7074 - Sexta-feira criada
 2026-01-17, 05:51:23,sucesso,Pasta 7075-6 - Fim de semana criada
 2026-01-17, 05:59:15,sucesso,Pasta 7077 - Segunda-feira criada
 2026-01-17, 06:07:07,sucesso,Pasta 7078 - Terça-feira criada
 2026-01-17, 06:15:00,sucesso,Pasta 7079 - Quarta-feira criada
 2026-01-17, 06:22:52,sucesso,Pasta 7080 - Quinta-feira criada
 2026-01-17, 06:30:44,sucesso,Pasta 7081 - Sexta-feira criada
 2026-01-17, 06:38:36,sucesso,Pasta 7082-3 - Fim de semana criada
 2026-01-17, 06:46:29,sucesso,Pasta 7084 - Segunda-feira criada
 2026-01-17, 06:54:21,sucesso,Pasta 7085 - Terça-feira criada
 2026-01-17, 07:02:13,sucesso,Pasta 7086 - Quarta-feira criada
 2026-01-17, 07:10:06,sucesso,Pasta 7087 - Quinta-feira criada
 2026-01-17, 07:17:58,sucesso,Pasta 7088 - Sexta-feira criada
 2026-01-17, 07:25:50,sucesso,Pasta 7089-90 - Fim de semana criada
 2026-01-17, 07:33:43,sucesso,Pasta 7091 - Segunda-feira criada
 2026-01-17, 07:41:35,sucesso,Pasta 7092 - Terça-feira criada
 2026-01-17, 07:49:28,sucesso,Pasta 7093 - Quarta-feira criada
 2026-01-17, 07:57:23,sucesso,Pasta 7094 - Quinta-feira criada
 2026-01-17, 08:05:15,sucesso,Pasta 7095 - Sexta-feira criada
 2026-01-17, 08:13:11,sucesso,Pasta 7096-7 - Fim de semana criada
 2026-01-17, 08:21:05,sucesso,Pasta 7098 - Segunda-feira criada
 2026-01-17, 08:28:58,sucesso,Pasta 7099 - Terça-feira criada
 2026-01-17, 08:36:50,sucesso,Pasta 7100 - Quarta-feira criada
 2026-01-17, 08:44:43,sucesso,Pasta 7101 - Quinta-feira criada
 2026-01-17, 08:52:35,sucesso,Pasta 7102 - Sexta-feira criada
 2026-01-17, 09:00:27,sucesso,Pasta 7103-4 - Fim de semana criada
 2026-01-17, 09:08:19,sucesso,Pasta 7105 - Segunda-feira criada
 2026-01-17, 09:16:12,sucesso,Pasta 7106 - Terça-feira criada
 2026-01-17, 09:24:04,sucesso,Pasta 7107 - Quarta-feira criada
 2026-01-17, 09:31:56,sucesso,Pasta 7108 - Quinta-feira criada
 2026-01-17, 09:39:48,sucesso,Pasta 7109 - Sexta-feira criada
 2026-01-17, 09:47:41,sucesso,Pasta 7110-1 - Fim de semana criada
 2026-01-17, 09:55:33,sucesso,Pasta 7112 - Segunda-feira criada
 2026-01-17, 10:03:26,sucesso,Pasta 7113 - Terça-feira criada
 2026-01-17, 10:11:18,sucesso,Pasta 7114 - Quarta-feira criada
 2026-01-17, 10:19:11,sucesso,Pasta 7115 - Quinta-feira criada
 2026-01-17, 10:27:03,sucesso,Pasta 7116 - Sexta-feira criada
 2026-01-17, 10:34:56,sucesso,Pasta 7117-8 - Fim de semana criada
 2026-01-17, 10:42:53,sucesso,Pasta 7119 - Segunda-feira criada
 2026-01-17, 10:50:46,sucesso,Pasta 7120 - Terça-feira criada
 2026-01-17, 10:58:40,sucesso,Pasta 7121 - Quarta-feira criada
 2026-01-17, 11:06:34,sucesso,Pasta 7122 - Quinta-feira criada
 2026-01-17, 11:14:30,sucesso,Pasta 7123 - Sexta-feira criada
 2026-01-17, 11:22:23,sucesso,Pasta 7124-5 - Fim de semana criada
 2026-01-17, 11:30:23,sucesso,Pasta 7126 - Segunda-feira criada
 2026-01-17, 11:38:15,sucesso,Pasta 7127 - Terça-feira criada
 2026-01-17, 11:46:08,sucesso,Pasta 7128 - Quarta-feira criada
 2026-01-17, 11:54:01,sucesso,Pasta 7129 - Quinta-feira criada
 2026-01-17, 12:01:53,sucesso,Pasta 7130 - Sexta-feira criada
 2026-01-17, 12:09:46,sucesso,Pasta 7131-2 - Fim de semana criada
 2026-01-18, 21:03:19,Registro,"90 criadas, última edição: 7118"
 2026-01-18, 21:04:07,Registro,"90 criadas, última edição: 7118"
 2026-01-18, 21:51:16,Registro,"90 criadas, última edição: 7118"
 2026-01-19, 16:45:51,Registro,"90 criadas, última edição: 7118"
 2026-01-19, 16:46:03,Registro,"90 criadas, última edição: 7118"
 2026-01-19, 16:46:09,Registro,"90 criadas, última edição: 7118"
 2026-01-19, 16:46:16,Registro,"90 criadas, última edição: 7118"
 2026-01-19, 16:46:21,Registro,"90 criadas, última edição: 7118"
 2026-01-19, 16:46:43,Registro,"90 criadas, última edição: 7118"
 2026-01-19, 16:47:56,Registro,"90 criadas, última edição: 7118"
 2026-01-19, 16:48:08,Registro,"90 criadas, última edição: 7118"
 2026-01-19, 16:48:19,Registro,"90 criadas, última edição: 7118"
 2026-01-19, 16:48:22,Registro,"90 criadas, última edição: 7118"
 2026-01-19, 16:51:10,Registro,"90 criadas, última edição: 7118"
 2026-01-19, 16:51:13,Registro,"90 criadas, última edição: 7118"
 2026-01-19, 16:53:19,Registro,"90 criadas, última edição: 7118"
 2026-01-19, 16:53:21,Registro,"90 criadas, última edição: 7118"
 2026-01-19, 16:53:37,Registro,"90 criadas, última edição: 7118"
 2026-01-19, 16:53:39,Registro,"90 criadas, última edição: 7118"
 2026-01-19, 16:53:41,Registro,"90 criadas, última edição: 7118"
 2026-01-19, 16:53:52,Registro,"90 criadas, última edição: 7118"
 2026-01-19, 16:54:12,Registro,"90 criadas, última edição: 7118"
 2026-01-19, 16:54:22,Registro,"90 criadas, última edição: 7118"
 2026-01-19, 16:54:29,Registro,"90 criadas, última edição: 7118"
 2026-01-19, 16:54:54,Registro,"90 criadas, última edição: 7118"
 2026-01-19, 16:55:05,Registro,"90 criadas, última edição: 7118"
 2026-01-19, 16:55:08,Registro,"90 criadas, última edição: 7118"
 2026-01-19, 16:55:16,Registro,"90 criadas, última edição: 7118"
 2026-01-19, 16:55:29,Registro,"90 criadas, última edição: 7118"
 2026-01-19, 16:55:33,Registro,"90 criadas, última edição: 7118"
 2026-01-19, 16:55:34,Registro,"90 criadas, última edição: 7118"
 2026-01-19, 16:55:36,Registro,"90 criadas, última edição: 7118"
 2026-01-19, 16:55:43,Registro,"90 criadas, última edição: 7118"
 2026-01-19, 16:56:27,Registro,"90 criadas, última edição: 7118"
 2026-01-19, 16:56:34,Registro,"90 criadas, última edição: 7118"
 2026-01-19, 17:24:20,Registro,"90 criadas, última edição: 7118"
 2026-01-19, 17:24:47,Registro,"90 criadas, última edição: 7118"
 2026-01-19, 17:25:01,Registro,"90 criadas, última edição: 7118"
 2026-01-19, 17:25:20,Registro,"90 criadas, última edição: 7118"
 2026-01-19, 17:25:58,Registro,"90 criadas, última edição: 7118"
 2026-01-19, 17:27:14,Registro,"90 criadas, última edição: 7118"
 2026-01-19, 17:27:33,Registro,"90 criadas, última edição: 7118"
 2026-01-19, 17:27:57,Registro,"90 criadas, última edição: 7118"
 2026-01-19, 17:28:26,Registro,"90 criadas, última edição: 7118"
 2026-01-19, 17:54:01,Registro,"90 criadas, última edição: 7118"
 2026-01-19, 17:54:09,Registro,"90 criadas, última edição: 7118"
 2026-01-19, 17:54:37,Registro,"90 criadas, última edição: 7118"
 2026-01-19, 17:54:44,Registro,"90 criadas, última edição: 7118"
 2026-01-19, 17:55:01,Registro,"90 criadas, última edição: 7118"
 2026-01-19, 17:55:48,Registro,"90 criadas, última edição: 7118"
 2026-01-19, 18:03:25,Registro,"90 criadas, última edição: 7118"
 2026-01-19, 18:03:34,Registro,"90 criadas, última edição: 7118"
 2026-01-19, 18:03:53,Registro,"90 criadas, última edição: 7118"
 2026-01-19, 18:03:59,Registro,"90 criadas, última edição: 7118"
 2026-01-19, 18:04:23,Registro,"90 criadas, última edição: 7118"
 2026-01-19, 18:05:02,Registro,"90 criadas, última edição: 7118"
 2026-01-19, 18:05:46,Registro,"90 criadas, última edição: 7118"
 2026-01-19, 18:06:07,Registro,"90 criadas, última edição: 7118"
 2026-01-19, 18:06:41,Registro,"90 criadas, última edição: 7118"
 2026-01-19, 18:07:12,Registro,"90 criadas, última edição: 7118"
 2026-01-19, 18:07:28,Registro,"90 criadas, última edição: 7118"
 2026-01-19, 18:08:58,Registro,"90 criadas, última edição: 7118"
 2026-01-19, 18:09:41,Registro,"90 criadas, última edição: 7118"
 2026-01-19, 18:11:33,Registro,"90 criadas, última edição: 7118"
 2026-01-19, 18:13:05,Registro,"90 criadas, última edição: 7118"
 2026-01-19, 18:13:49,Registro,"90 criadas, última edição: 7118"
 2026-01-19, 18:14:06,Registro,"90 criadas, última edição: 7118"
 2026-01-19, 18:14:22,Registro,"90 criadas, última edição: 7118"
 2026-01-19, 18:15:09,Registro,"90 criadas, última edição: 7118"
 2026-01-19, 18:15:38,Registro,"90 criadas, última edição: 7118"
 2026-01-19, 18:15:56,Registro,"90 criadas, última edição: 7118"
 2026-01-19, 18:16:41,Registro,"90 criadas, última edição: 7118"
 2026-01-19, 18:17:32,Registro,"90 criadas, última edição: 7118"
 2026-01-19, 18:23:45,Registro,"90 criadas, última edição: 7118"
 2026-01-19, 18:24:13,Registro,"90 criadas, última edição: 7118"
 2026-01-19, 22:19:52,Registro,"90 criadas, última edição: 7118"
 2026-01-19, 22:20:00,Registro,"90 criadas, última edição: 7118"
 2026-01-20, 17:09:15,Registro,"90 criadas, última edição: 7118"
 2026-01-20, 17:09:23,Registro,"90 criadas, última edição: 7118"
 2026-01-20, 17:11:53,Registro,"90 criadas, última edição: 7118"
 2026-01-20, 17:14:30,Registro,"90 criadas, última edição: 7118"
 2026-01-20, 17:16:06,Registro,"90 criadas, última edição: 7118"
 2026-01-20, 17:29:33,Registro,"90 criadas, última edição: 7118"
 2026-01-20, 17:29:53,Registro,"90 criadas, última edição: 7118"
 2026-01-20, 17:55:07,Registro,"90 criadas, última edição: 7118"
 2026-01-20, 17:56:10,sucesso,Pasta 8000 - Fim de semana criada
 2026-01-20, 18:03:33,Registro,"90 criadas, última edição: 7118"
 2026-01-20, 22:31:42,Registro,"90 criadas, última edição: 7118"
 2026-01-20, 22:31:48,Registro,"90 criadas, última edição: 7118"
